feature,gain_importance,group
Catchment Perimeter,1090.9031982421875,catchment_static
rain_5d,1051.31396484375,rainfall_dynamic
Precipitation of Wettest Quarter,969.6114501953125,catchment_static
Basin Magnitude,947.9407958984375,catchment_static
Drainage Area,879.0803833007812,catchment_static
Wandering Ratio,870.0460205078125,catchment_static
Precipitation of Wettest Month,837.7178344726562,catchment_static
rain_1d,785.8856811523438,rainfall_dynamic
Drainage Texture,769.0899047851562,catchment_static
Compactness Coefficient,684.8015747070312,catchment_static
Elongation Ratio,683.0155639648438,catchment_static
rain_3d,636.2288818359375,rainfall_dynamic
No. of Secondorder Streams,618.7808227539062,catchment_static
Annual Mean Temperature,593.121826171875,catchment_static
Channel Frequency,555.4315185546875,catchment_static
Sinuosity Index,545.2228393554688,catchment_static
Relief Ratio,541.2710571289062,catchment_static
Catchment Relief,530.3821411132812,catchment_static
Downvalley Length,512.8355712890625,catchment_static
No. of Firstorder Streams,509.81451416015625,catchment_static
Drainage Density,483.33209228515625,catchment_static
Catchment Length,466.1148376464844,catchment_static
Fitness Ratio,456.2981262207031,catchment_static
rain_10d,445.4519958496094,rainfall_dynamic
Lemniscates Value,398.81585693359375,catchment_static
lithology type,395.8536376953125,catchment_static
Circularity Ratio,384.4704895019531,catchment_static
Ruggedness Number,368.77862548828125,catchment_static
Annual Precipitation,360.19805908203125,catchment_static
Form Factor,351.21099853515625,catchment_static
Infiltration Number,335.8477783203125,catchment_static
Stream Order,316.493896484375,catchment_static
Temperature Seasonality,315.0997314453125,catchment_static
Drainage Intensity,297.20037841796875,catchment_static
KoppenGeiger Climate Type,275.9245910644531,catchment_static
rain_max1d_5d,254.0796661376953,rainfall_dynamic
rain_accel_3d_minus_prior3d,251.061767578125,rainfall_dynamic
No. of Thirdorder Streams,242.26507568359375,catchment_static
Precipitation Seasonality,240.23741149902344,catchment_static
rain_recent_vs_antecedent_ratio,236.68673706054688,rainfall_dynamic
Soil type,232.089599609375,catchment_static
Maximal Flow Length,212.5644073486328,catchment_static
Land cover,58.7872314453125,catchment_static
