row_index_in_validation_positives,rain_1d,rain_3d,rain_5d,rain_10d,rain_max1d_5d,rain_recent_vs_antecedent_ratio,rain_accel_3d_minus_prior3d,Stream Order,Drainage Density,Drainage Texture,Drainage Intensity,Channel Frequency,Infiltration Number,No. of Firstorder Streams,No. of Secondorder Streams,No. of Thirdorder Streams,Basin Magnitude,Fitness Ratio,Wandering Ratio,Maximal Flow Length,Downvalley Length,Drainage Area,Catchment Relief,Catchment Length,Catchment Perimeter,Sinuosity Index,Form Factor,Relief Ratio,Elongation Ratio,Circularity Ratio,Lemniscates Value,Compactness Coefficient,Ruggedness Number,Annual Precipitation,Precipitation Seasonality,Precipitation of Wettest Month,Precipitation of Wettest Quarter,Annual Mean Temperature,Temperature Seasonality,Soil type,lithology type,Land cover,KoppenGeiger Climate Type
100876,-0.54219335,-0.27742973,-0.7597319,-0.49006966,-0.06476885,-1.241891,-0.20987305,0.09047616,0.3271138,0.074519634,0.045248684,0.042975698,0.09036497,-0.045666408,-0.026140766,-0.007742312,0.017537497,0.2666571,0.34269342,-0.013623465,-0.020417841,0.010888171,-0.023042263,-0.013298936,-0.06555557,0.069554135,-0.04757579,-0.0018173549,0.06117119,0.10645809,-0.08953438,0.07246831,-0.06445606,0.05718629,-0.17703056,0.12127271,0.08198387,-0.18618165,0.04430382,0.007430723,0.016112844,-0.0037930948,0.02520797
102957,-0.56115264,-0.27440086,-0.71039957,-2.120056,0.049524035,-0.30781835,-0.34248272,-0.19712768,-0.1658849,0.028383309,-0.06573287,0.053719867,0.049273454,-0.11733026,-0.02074021,-0.0043482166,-0.06961675,-0.4213547,-0.27309713,-0.014274155,-0.013502913,0.01003015,-0.017503643,-0.008531779,-0.10925329,0.101877496,-0.059652634,0.047771268,-0.093628526,0.0163012,-0.0058318796,-0.024013354,-0.104681425,-0.03879271,-0.023799958,-0.5942288,-0.15424974,-0.027833544,-0.03569445,-0.04502685,-0.4825132,0.0019304124,-0.18780497
103005,-0.6223208,-0.6786461,-0.59382224,-1.0359036,0.01523349,-0.16260126,0.08517659,-0.15517044,-0.1586094,-0.056309287,-0.09458655,-0.021760171,0.011488812,-0.14646144,-0.07129976,-0.054146133,-0.06961675,-0.034355268,-0.26432166,0.0306469,-0.0014344228,0.010933919,-0.26701975,-0.040515594,-0.1155232,0.102195345,-0.2930986,-0.016271327,-0.10247879,-0.35839164,-0.019278975,-0.5189869,-0.23282267,-0.0060824836,0.049817856,0.055739604,0.085187785,-0.12265041,-0.09433347,0.06261104,-0.0025040999,0.0020172424,0.025285441
103016,-0.40848282,-0.6257183,-0.70755345,-1.4740981,0.21397625,-0.09403035,0.08556493,0.14281689,0.3106949,0.025410997,0.02439844,0.034416735,0.10902988,-0.05254808,-0.026703857,-0.0028244467,0.017537497,0.19841267,0.33427724,-0.012382872,-0.020336296,0.012826253,0.01667984,-0.014218717,-0.054298785,0.16132843,0.09928442,-0.043707788,0.13457544,0.085193165,0.02200323,0.07345335,0.0066410466,-0.08184521,0.06604128,0.010743638,0.09618741,-0.06361504,0.06998714,-0.124240205,0.022075752,-0.0037930948,0.020783942
103168,-0.2589959,-0.32159242,-0.34988886,-0.5204177,0.13267234,-0.09369032,0.13239104,0.13491543,0.48820713,0.0065789567,-0.08067676,-0.10787276,-0.026577216,0.059351426,0.06806516,-0.037418645,0.0009991198,0.3371276,0.4206379,0.024912331,-0.02351152,0.002101805,0.0707826,-0.030779313,-0.054298785,0.121006005,0.08854949,0.054184448,0.25692722,-0.07824777,-0.028535342,0.15023108,0.017515017,-0.06548342,0.030579235,-0.05044924,0.066534385,0.09616606,0.06312202,-0.01361632,-0.0030023314,0.0018919191,0.01837574
103419,-0.66245764,-0.64663535,-0.5694659,-1.1892041,-0.024762955,-0.050325595,0.109653145,-0.10677337,-0.14063792,-0.04597276,-0.11800099,-0.028514098,-0.0029784907,-0.1723564,-0.10259084,-0.108130224,-0.06961675,-0.07913713,-0.253856,0.03287201,-0.007381456,-0.003863154,-0.2726085,-0.049868897,-0.1155232,0.081096984,-0.32210147,-0.010836621,-0.077011906,-0.36527252,-0.033350937,-0.5443605,-0.3136415,0.0041285637,0.064322636,0.034468297,0.07574684,-0.056858122,-0.091577776,0.05555987,-0.0025040999,0.0020172424,0.020135943
103947,-0.7199625,-0.58918667,-0.5878542,-1.3220589,0.03859948,-0.06618513,0.017766055,-0.0493642,-0.23773837,0.030273039,0.04662411,0.04398942,-0.01983622,0.013897551,0.057928525,-0.05918102,0.0009991198,0.2885479,0.37101594,0.016826093,0.017293159,-0.004211111,0.023416921,-0.0003532078,0.09782688,0.1324404,-0.016937625,0.05370584,-0.07214293,-0.01910147,-0.029675048,-0.35970175,0.041462705,0.10281004,0.004975016,0.047736254,0.043275565,-0.050618075,-0.036963448,0.0048539005,-0.0014037236,-0.0042068544,0.01837574
104134,-0.2589959,-0.32159242,-0.34988886,-0.5204177,0.13267234,-0.09369032,0.13239104,0.13491543,0.48820713,0.0065789567,-0.08067676,-0.10787276,-0.026577216,0.059351426,0.06806516,-0.037418645,0.0009991198,0.3371276,0.4206379,0.024912331,-0.02351152,0.002101805,0.0707826,-0.030779313,-0.054298785,0.121006005,0.08854949,0.054184448,0.25692722,-0.07824777,-0.028535342,0.15023108,0.017515017,-0.06548342,0.030579235,-0.05044924,0.066534385,0.09616606,0.06312202,-0.01361632,-0.0030023314,0.0018919191,0.01837574
104534,-0.36365324,-0.5389851,-0.48444095,-1.6037441,0.411434,-0.092949554,0.115316845,0.14283764,0.38036108,0.014937193,0.0028613638,0.025296252,0.083270535,-0.052053303,-0.020973682,-0.0028244467,0.017537497,0.19665386,0.33272037,-0.0031377508,-0.020336296,0.012826253,0.011410127,-0.014218717,-0.054298785,0.14890133,0.09917085,-0.03557185,0.1532119,0.082571976,0.025464747,0.08077675,0.025792966,-0.08184521,0.069850594,6.5500615e-05,0.08957216,-0.08374905,0.073868416,-0.14510854,0.022075752,-0.0037930948,0.020783942
104884,-0.22019222,-0.53887314,-0.56135374,-1.1717225,0.043634012,-0.3261472,-0.005478876,-0.0029918659,0.28131187,-0.033633064,-0.06284311,0.00971533,0.0069741174,-0.101688884,-0.060426652,-0.011488097,0.017537497,0.22609876,0.24936312,-0.01240827,-0.032045137,0.011842318,-0.36273474,-0.010663727,-0.054298785,0.14742205,0.031075994,-0.10876583,0.1946032,0.02974053,-0.07066451,0.12794614,-0.015735045,-0.027646078,-0.002604329,-0.17860562,-0.11176433,0.031125732,0.0539084,-0.04034872,0.022579981,-0.0037930948,0.023525238
