date,label,fetch_ok,min_bt_50km,mean_bt_50km,cold_pixels_count,nearest_dist_km,storm_detected
2023-03-16,1,1,11.401,16.301,0,,False
2023-03-17,1,1,-12.14,11.725,0,,False
2023-04-03,1,1,5.779,19.257,0,,False
2023-04-04,1,1,-47.225,-10.626,11,25.969,True
2023-04-29,1,1,-23.445,1.148,0,,False
2023-04-30,1,1,5.931,9.805,0,,False
2023-05-01,1,1,-12.478,4.835,0,,False
2023-05-04,1,1,-8.945,0.027,0,,False
2023-05-06,1,1,-2.243,5.455,0,,False
2023-05-08,1,1,-7.801,6.117,0,,False
2023-05-11,1,1,-53.64,-13.174,56,21.41,True
2023-05-12,1,1,-46.206,-10.785,19,33.636,True
2023-05-13,1,1,-62.533,-44.361,316,2.165,True
2023-05-20,1,1,3.039,16.583,0,,False
2023-05-21,1,1,-11.32,15.642,0,,False
2023-05-22,1,1,0.663,15.924,0,,False
2023-05-23,1,1,-24.148,2.859,0,,False
2023-05-24,1,1,-7.059,16.392,0,,False
2023-05-29,1,1,-5.872,10.329,0,,False
2023-05-30,1,1,-18.876,4.17,0,,False
2023-06-01,1,1,-31.214,3.427,0,,False
2023-06-06,1,1,10.395,16.409,0,,False
2023-06-09,1,1,-20.534,11.194,0,,False
2023-06-11,1,1,-41.837,-6.247,3,5.171,True
2023-06-12,1,1,-13.045,5.547,0,,False
2023-06-14,1,1,5.658,14.277,0,,False
2023-06-17,1,1,-73.366,-60.208,476,2.165,True
2023-06-20,1,1,-61.412,-50.185,452,2.165,True
2023-06-22,1,1,-44.344,-13.962,4,45.653,True
2023-07-01,1,1,-41.604,-4.788,1,49.137,True
2023-07-02,1,1,-67.222,-62.053,493,2.165,True
2023-07-11,1,1,-43.076,-29.095,11,21.02,True
2023-07-13,1,1,-53.35,-22.886,66,2.878,True
2023-08-06,1,1,6.805,9.532,0,,False
2023-08-31,1,1,-22.533,0.447,0,,False
2023-10-10,1,1,2.317,11.252,0,,False
2023-10-11,1,1,-36.535,-2.858,0,,False
2023-10-30,1,1,-43.496,-11.674,12,26.155,True
2023-11-04,1,1,-63.06,-34.066,217,18.027,True
2023-11-06,1,,,,,,0
2023-11-07,1,1,-34.331,-6.993,0,,False
2015-01-02,0,,,,,,0
2015-01-16,0,,,,,,0
2015-01-19,0,,,,,,0
2015-01-27,0,,,,,,0
2015-01-28,0,,,,,,0
2015-02-01,0,,,,,,0
2015-02-02,0,,,,,,0
2015-02-03,0,,,,,,0
2015-02-04,0,,,,,,0
2015-02-15,0,,,,,,0
2015-02-16,0,,,,,,0
2015-02-22,0,,,,,,0
2015-02-23,0,,,,,,0
2015-02-28,1,,,,,,0
2015-03-02,0,,,,,,0
2015-03-03,1,,,,,,0
2015-03-06,1,,,,,,0
2015-03-09,0,,,,,,0
2015-03-13,0,,,,,,0
2015-03-16,0,,,,,,0
2015-03-22,0,,,,,,0
2015-03-26,0,,,,,,0
2015-04-03,0,,,,,,0
2015-04-08,0,,,,,,0
2015-04-11,1,,,,,,0
2015-04-13,1,,,,,,0
2015-04-14,1,,,,,,0
2015-04-17,1,,,,,,0
2015-04-21,1,,,,,,0
2015-04-22,1,,,,,,0
2015-04-23,1,,,,,,0
2015-04-24,0,,,,,,0
2015-04-25,1,,,,,,0
2015-04-26,1,,,,,,0
2015-04-28,1,,,,,,0
2015-04-29,1,,,,,,0
2015-04-30,1,,,,,,0
2015-05-02,1,,,,,,0
2015-05-07,0,,,,,,0
2015-05-16,1,,,,,,0
2015-05-17,1,,,,,,0
2015-05-18,1,,,,,,0
2015-05-19,1,,,,,,0
2015-05-22,0,,,,,,0
2015-05-26,0,,,,,,0
2015-05-27,1,,,,,,0
2015-05-28,1,,,,,,0
2015-05-29,1,,,,,,0
2015-06-09,0,,,,,,0
2015-06-14,0,,,,,,0
2015-06-16,0,,,,,,0
2015-06-19,0,,,,,,0
2015-06-24,0,,,,,,0
2015-06-27,0,,,,,,0
2015-07-02,0,,,,,,0
2015-07-11,0,,,,,,0
2015-07-15,0,,,,,,0
2015-07-18,0,,,,,,0
2015-07-19,0,,,,,,0
2015-07-20,0,,,,,,0
2015-07-21,1,,,,,,0
2015-07-22,0,,,,,,0
2015-07-23,0,,,,,,0
2015-07-24,0,,,,,,0
2015-07-25,0,,,,,,0
2015-07-29,0,,,,,,0
2015-07-30,0,,,,,,0
2015-07-31,1,,,,,,0
2015-08-01,1,,,,,,0
2015-08-05,1,,,,,,0
2015-08-06,0,,,,,,0
2015-08-07,1,,,,,,0
2015-08-11,1,,,,,,0
2015-08-12,0,,,,,,0
2015-08-14,0,,,,,,0
2015-08-16,1,,,,,,0
2015-08-17,1,,,,,,0
2015-08-18,0,,,,,,0
2015-08-20,1,,,,,,0
2015-08-21,1,,,,,,0
2015-08-22,1,,,,,,0
2015-08-28,0,,,,,,0
2015-09-04,1,,,,,,0
2015-09-05,1,,,,,,0
2015-09-06,1,,,,,,0
2015-09-07,1,,,,,,0
2015-09-09,0,,,,,,0
2015-09-12,0,,,,,,0
2015-09-16,0,,,,,,0
2015-09-24,1,,,,,,0
2015-09-26,1,,,,,,0
2015-09-27,1,,,,,,0
2015-09-30,0,,,,,,0
2015-10-04,1,,,,,,0
2015-10-06,1,,,,,,0
2015-10-11,0,,,,,,0
2015-10-12,0,,,,,,0
2015-10-13,0,,,,,,0
2015-10-19,0,,,,,,0
2015-10-20,0,,,,,,0
2015-10-24,0,,,,,,0
2015-10-27,0,,,,,,0
2015-10-28,1,,,,,,0
2015-10-30,0,,,,,,0
2015-10-31,0,,,,,,0
2015-11-02,1,,,,,,0
2015-11-03,1,,,,,,0
2015-11-04,1,,,,,,0
2015-11-09,0,,,,,,0
2015-11-12,0,,,,,,0
2015-11-16,0,,,,,,0
2015-11-20,0,,,,,,0
2015-11-24,0,,,,,,0
2015-11-25,0,,,,,,0
2015-12-04,0,,,,,,0
2015-12-05,0,,,,,,0
2015-12-07,0,,,,,,0
2015-12-11,0,,,,,,0
2015-12-12,0,,,,,,0
2015-12-14,0,,,,,,0
2015-12-15,0,,,,,,0
2015-12-25,0,,,,,,0
2015-12-30,0,,,,,,0
2015-12-31,0,,,,,,0
2016-01-06,0,,,,,,0
2016-01-07,0,,,,,,0
2016-01-09,0,,,,,,0
2016-01-10,0,,,,,,0
2016-01-16,0,,,,,,0
2016-01-17,0,,,,,,0
2016-01-28,0,,,,,,0
2016-01-31,0,,,,,,0
2016-02-08,0,,,,,,0
2016-02-12,0,,,,,,0
2016-02-22,0,,,,,,0
2016-02-24,0,,,,,,0
2016-03-12,0,,,,,,0
2016-03-13,1,,,,,,0
2016-03-15,1,,,,,,0
2016-03-16,1,,,,,,0
2016-03-17,1,,,,,,0
2016-03-22,0,,,,,,0
2016-03-31,0,,,,,,0
2016-04-06,0,,,,,,0
2016-04-08,0,,,,,,0
2016-04-09,0,,,,,,0
2016-04-12,0,,,,,,0
2016-04-14,0,,,,,,0
2016-04-21,0,,,,,,0
2016-04-25,1,,,,,,0
2016-04-29,0,,,,,,0
2016-05-01,0,,,,,,0
2016-05-02,1,,,,,,0
2016-05-03,0,,,,,,0
2016-05-05,1,,,,,,0
2016-05-06,1,,,,,,0
2016-05-08,1,,,,,,0
2016-05-11,0,,,,,,0
2016-05-12,0,,,,,,0
2016-05-15,0,,,,,,0
2016-05-16,0,,,,,,0
2016-05-18,1,,,,,,0
2016-05-20,1,,,,,,0
2016-05-24,0,,,,,,0
2016-05-25,0,,,,,,0
2016-05-28,1,,,,,,0
2016-05-29,1,,,,,,0
2016-06-01,1,,,,,,0
2016-06-02,1,,,,,,0
2016-06-03,1,,,,,,0
2016-06-06,1,,,,,,0
2016-06-07,0,,,,,,0
2016-06-11,0,,,,,,0
2016-06-13,0,,,,,,0
2016-06-21,0,,,,,,0
2016-06-27,1,,,,,,0
2016-06-28,1,,,,,,0
2016-06-29,1,,,,,,0
2016-06-30,1,,,,,,0
2016-07-02,0,,,,,,0
2016-07-03,0,,,,,,0
2016-07-09,0,,,,,,0
2016-07-10,0,,,,,,0
2016-07-16,1,,,,,,0
2016-07-17,1,,,,,,0
2016-07-20,1,,,,,,0
2016-07-22,0,,,,,,0
2016-07-25,1,,,,,,0
2016-07-28,1,,,,,,0
2016-07-29,1,,,,,,0
2016-07-30,1,,,,,,0
2016-08-01,0,,,,,,0
2016-08-06,0,,,,,,0
2016-08-07,0,,,,,,0
2016-08-11,0,,,,,,0
2016-08-27,0,,,,,,0
2016-08-28,0,,,,,,0
2016-08-31,1,,,,,,0
2016-09-08,0,,,,,,0
2016-09-14,0,,,,,,0
2016-09-21,0,,,,,,0
2016-09-24,0,,,,,,0
2016-09-27,0,,,,,,0
2016-10-04,0,,,,,,0
2016-10-07,0,,,,,,0
2016-10-18,0,,,,,,0
2016-11-03,0,,,,,,0
2016-11-05,0,,,,,,0
2016-11-07,0,,,,,,0
2016-11-08,0,,,,,,0
2016-11-11,0,,,,,,0
2016-11-14,0,,,,,,0
2016-11-19,0,,,,,,0
2016-11-21,0,,,,,,0
2016-11-30,0,,,,,,0
2016-12-10,0,,,,,,0
2016-12-21,0,,,,,,0
2017-01-05,0,,,,,,0
2017-01-13,0,,,,,,0
2017-01-18,0,,,,,,0
2017-01-26,0,,,,,,0
2017-01-27,0,,,,,,0
2017-01-28,0,,,,,,0
2017-02-08,0,,,,,,0
2017-02-10,0,,,,,,0
2017-02-22,0,,,,,,0
2017-03-01,0,,,,,,0
2017-03-06,1,,,,,,0
2017-03-07,1,,,,,,0
2017-03-09,0,,,,,,0
2017-03-20,0,,,,,,0
2017-03-25,0,,,,,,0
2017-04-02,0,,,,,,0
2017-04-05,1,,,,,,0
2017-04-06,1,,,,,,0
2017-04-08,0,,,,,,0
2017-04-16,1,,,,,,0
2017-04-17,1,,,,,,0
2017-04-19,0,,,,,,0
2017-04-20,1,,,,,,0
2017-04-24,0,,,,,,0
2017-04-25,1,,,,,,0
2017-04-26,1,,,,,,0
2017-04-28,1,,,,,,0
2017-04-29,1,,,,,,0
2017-04-30,0,,,,,,0
2017-05-01,1,,,,,,0
2017-05-04,0,,,,,,0
2017-05-05,0,,,,,,0
2017-05-06,1,,,,,,0
2017-05-07,1,,,,,,0
2017-05-08,1,,,,,,0
2017-05-10,1,,,,,,0
2017-05-11,1,,,,,,0
2017-05-14,1,,,,,,0
2017-05-15,1,,,,,,0
2017-05-16,1,,,,,,0
2017-05-17,1,,,,,,0
2017-05-18,1,,,,,,0
2017-05-19,1,,,,,,0
2017-05-20,1,,,,,,0
2017-05-21,1,,,,,,0
2017-05-22,1,,,,,,0
2017-05-23,1,,,,,,0
2017-05-24,1,,,,,,0
2017-05-26,1,,,,,,0
2017-05-27,1,,,,,,0
2017-06-05,1,,,,,,0
2017-06-09,1,,,,,,0
2017-06-10,0,,,,,,0
2017-06-14,0,,,,,,0
2017-06-16,1,,,,,,0
2017-06-17,0,,,,,,0
2017-06-20,0,,,,,,0
2017-06-24,0,,,,,,0
2017-06-28,0,,,,,,0
2017-07-02,0,,,,,,0
2017-07-05,1,,,,,,0
2017-07-06,0,,,,,,0
2017-07-08,0,,,,,,0
2017-07-10,0,,,,,,0
2017-07-11,0,,,,,,0
2017-07-12,1,,,,,,0
2017-07-13,0,,,,,,0
2017-07-19,0,,,,,,0
2017-07-20,0,,,,,,0
2017-07-27,1,,,,,,0
2017-07-30,1,,,,,,0
2017-08-02,0,,,,,,0
2017-08-11,1,,,,,,0
2017-08-12,0,,,,,,0
2017-08-14,0,,,,,,0
2017-08-15,1,,,,,,0
2017-08-16,1,,,,,,0
2017-08-18,0,,,,,,0
2017-08-22,1,,,,,,0
2017-08-23,1,,,,,,0
2017-08-24,1,,,,,,0
2017-08-31,1,,,,,,0
2017-09-01,1,,,,,,0
2017-09-02,1,,,,,,0
2017-09-03,1,,,,,,0
2017-09-04,1,,,,,,0
2017-09-06,1,,,,,,0
2017-09-07,1,,,,,,0
2017-09-08,1,,,,,,0
2017-09-10,1,,,,,,0
2017-09-16,0,,,,,,0
2017-09-21,0,,,,,,0
2017-09-24,0,,,,,,0
2017-09-25,1,,,,,,0
2017-09-26,1,,,,,,0
2017-09-27,1,,,,,,0
2017-09-29,0,,,,,,0
2017-10-01,1,,,,,,0
2017-10-02,1,,,,,,0
2017-10-03,0,,,,,,0
2017-10-04,1,,,,,,0
2017-10-05,1,,,,,,0
2017-10-06,1,,,,,,0
2017-10-07,1,,,,,,0
2017-10-08,1,,,,,,0
2017-10-09,1,,,,,,0
2017-10-11,1,,,,,,0
2017-11-11,0,,,,,,0
2017-11-13,0,,,,,,0
2017-11-15,0,,,,,,0
2017-12-04,0,,,,,,0
2017-12-05,0,,,,,,0
2017-12-07,0,,,,,,0
2017-12-15,0,,,,,,0
2017-12-22,0,,,,,,0
2017-12-23,0,,,,,,0
2017-12-27,0,,,,,,0
2018-01-11,0,,,,,,0
2018-01-16,0,,,,,,0
2018-01-25,0,,,,,,0
2018-02-09,1,,,,,,0
2018-02-18,0,,,,,,0
2018-02-23,0,,,,,,0
2018-03-07,0,,,,,,0
2018-03-12,0,,,,,,0
2018-03-15,1,,,,,,0
2018-03-16,1,,,,,,0
2018-03-17,1,,,,,,0
2018-03-19,0,,,,,,0
2018-03-24,0,,,,,,0
2018-03-28,0,,,,,,0
2018-03-29,1,,,,,,0
2018-03-30,1,,,,,,0
2018-03-31,1,,,,,,0
2018-04-02,1,,,,,,0
2018-04-06,0,,,,,,0
2018-04-07,0,,,,,,0
2018-04-09,0,,,,,,0
2018-04-12,0,,,,,,0
2018-04-16,1,,,,,,0
2018-04-19,1,,,,,,0
2018-04-20,1,,,,,,0
2018-04-22,1,,,,,,0
2018-04-24,1,,,,,,0
2018-04-25,0,,,,,,0
2018-04-27,0,,,,,,0
2018-04-30,1,,,,,,0
2018-05-01,1,,,,,,0
2018-05-02,1,,,,,,0
2018-05-03,1,,,,,,0
2018-05-05,0,,,,,,0
2018-05-08,1,,,,,,0
2018-05-09,0,,,,,,0
2018-05-10,1,,,,,,0
2018-05-11,1,,,,,,0
2018-05-12,1,,,,,,0
2018-05-13,1,,,,,,0
2018-05-14,1,,,,,,0
2018-05-15,1,,,,,,0
2018-05-18,1,,,,,,0
2018-05-19,1,,,,,,0
2018-05-20,1,,,,,,0
2018-05-21,1,,,,,,0
2018-05-22,0,,,,,,0
2018-05-23,1,,,,,,0
2018-05-24,0,,,,,,0
2018-05-25,1,,,,,,0
2018-05-26,1,,,,,,0
2018-05-27,1,,,,,,0
2018-05-30,1,,,,,,0
2018-06-01,1,,,,,,0
2018-06-02,1,,,,,,0
2018-06-03,1,,,,,,0
2018-06-05,0,,,,,,0
2018-06-15,1,,,,,,0
2018-06-16,1,,,,,,0
2018-06-17,1,,,,,,0
2018-06-18,1,,,,,,0
2018-06-20,0,,,,,,0
2018-06-26,0,,,,,,0
2018-07-29,0,,,,,,0
2018-08-05,0,,,,,,0
2018-08-06,0,,,,,,0
2018-08-08,0,,,,,,0
2018-08-09,0,,,,,,0
2018-08-11,0,,,,,,0
2018-08-16,0,,,,,,0
2018-08-19,0,,,,,,0
2018-08-27,0,,,,,,0
2018-09-06,0,,,,,,0
2018-09-11,1,,,,,,0
2018-09-13,1,,,,,,0
2018-09-14,1,,,,,,0
2018-09-15,1,,,,,,0
2018-09-16,1,,,,,,0
2018-09-17,1,,,,,,0
2018-09-20,1,,,,,,0
2018-09-23,1,,,,,,0
2018-09-24,1,,,,,,0
2018-09-25,1,,,,,,0
2018-09-26,1,,,,,,0
2018-09-27,1,,,,,,0
2018-09-30,0,,,,,,0
2018-10-03,0,,,,,,0
2018-10-11,0,,,,,,0
2018-10-15,0,,,,,,0
2018-10-28,0,,,,,,0
2018-11-19,0,,,,,,0
2018-11-27,0,,,,,,0
2018-12-06,0,,,,,,0
2018-12-13,0,,,,,,0
2018-12-15,0,,,,,,0
2018-12-19,0,,,,,,0
2018-12-24,0,,,,,,0
2018-12-25,0,,,,,,0
2018-12-30,0,,,,,,0
2019-03-10,0,,,,,,0
2019-03-12,0,,,,,,0
2019-03-15,0,,,,,,0
2019-03-18,0,,,,,,0
2019-03-28,0,,,,,,0
2019-04-04,0,,,,,,0
2019-04-09,0,,,,,,0
2019-04-12,0,,,,,,0
2019-04-18,0,,,,,,0
2019-04-21,0,,,,,,0
2019-05-05,0,,,,,,0
2019-05-11,0,,,,,,0
2019-05-16,0,,,,,,0
2019-06-01,0,,,,,,0
2019-06-03,0,,,,,,0
2019-06-09,0,,,,,,0
2019-06-16,0,,,,,,0
2019-06-22,0,,,,,,0
2019-06-27,0,,,,,,0
2019-07-09,0,,,,,,0
2019-07-12,0,,,,,,0
2019-07-13,0,,,,,,0
2019-07-27,0,,,,,,0
2019-08-11,0,,,,,,0
2019-08-16,0,,,,,,0
2019-08-23,0,,,,,,0
2019-08-26,0,,,,,,0
2019-08-27,0,,,,,,0
2019-08-29,0,,,,,,0
2019-08-30,0,,,,,,0
2019-09-06,0,,,,,,0
2019-09-13,0,,,,,,0
2019-09-21,0,,,,,,0
2019-09-24,0,,,,,,0
2019-09-27,0,,,,,,0
2019-10-02,1,,,,,,0
2019-10-05,0,,,,,,0
2019-10-07,1,,,,,,0
2019-10-10,0,,,,,,0
2019-10-21,0,,,,,,0
2019-11-10,0,,,,,,0
2019-11-18,0,,,,,,0
2019-11-20,0,,,,,,0
2019-11-21,0,,,,,,0
2019-11-25,0,,,,,,0
2019-11-30,0,,,,,,0
2019-12-03,0,,,,,,0
2019-12-14,0,1,-3.615,1.019,0,,False
2019-12-22,0,1,9.175,15.375,0,,False
2019-12-25,0,1,3.413,10.039,0,,False
2020-01-06,0,1,5.323,8.769,0,,False
2020-01-07,0,1,5.901,9.518,0,,False
2020-01-12,0,1,9.175,14.146,0,,False
2020-01-14,0,1,13.968,23.504,0,,False
2020-01-18,0,1,8.94,14.266,0,,False
2020-01-19,0,1,0.116,15.812,0,,False
2020-01-26,0,1,25.39,27.941,0,,False
2020-02-05,0,1,10.019,17.742,0,,False
2020-02-16,0,1,26.161,29.148,0,,False
2020-02-18,0,1,21.633,27.931,0,,False
2020-02-22,0,1,24.514,27.285,0,,False
2020-03-01,0,1,20.569,23.197,0,,False
2020-03-09,0,1,8.322,12.967,0,,False
2020-03-10,0,1,14.689,21.609,0,,False
2020-03-11,0,1,-0.046,20.044,0,,False
2020-03-12,0,1,16.687,24.161,0,,False
2020-03-17,0,1,17.496,27.902,0,,False
2020-03-20,1,1,-0.208,12.498,0,,False
2020-03-23,1,1,8.499,16.786,0,,False
2020-03-25,0,1,-6.045,11.926,0,,False
2020-03-28,0,1,28.345,33.627,0,,False
2020-03-30,0,1,27.662,31.696,0,,False
2020-04-06,1,1,-20.66,12.97,0,,False
2020-04-08,1,1,-3.345,18.871,0,,False
2020-04-09,1,1,-5.941,14.219,0,,False
2020-04-18,0,1,15.734,24.328,0,,False
2020-04-21,0,1,22.482,29.157,0,,False
2020-04-23,1,1,-9.559,10.499,0,,False
2020-04-24,1,1,-55.414,-45.294,400,2.165,True
2020-04-25,1,1,-5.422,6.588,0,,False
2020-04-26,1,1,-62.708,-34.648,200,2.165,True
2020-04-27,1,1,-35.318,-5.967,0,,False
2020-04-29,1,1,-43.255,-26.782,10,34.604,True
2020-05-03,1,1,-33.613,-2.7,0,,False
2020-05-05,0,1,17.818,22.596,0,,False
2020-05-06,1,1,-51.785,-17.4,35,22.503,True
2020-05-10,0,1,-56.172,-14.442,10,32.097,True
2020-05-11,0,1,-48.132,-6.836,50,20.572,True
2020-05-17,1,1,-65.884,-46.387,364,2.165,True
2020-05-18,1,1,-52.49,-29.62,101,11.105,True
2020-05-19,0,1,-64.314,-17.964,104,20.572,True
2020-05-23,0,1,-11.505,9.287,0,,False
2020-05-24,1,1,17.604,21.757,0,,False
2020-05-26,1,1,16.903,19.877,0,,False
2020-05-27,1,1,-1.219,16.823,0,,False
2020-05-28,1,1,10.799,16.443,0,,False
2020-05-29,1,1,-17.939,14.171,0,,False
2020-05-30,1,1,-24.768,-8.666,0,,False
2020-06-01,1,1,-52.49,-20.506,71,2.165,True
2020-06-03,0,1,-33.157,-15.314,0,,False
2020-06-06,1,1,-43.016,6.597,4,32.733,True
2020-06-11,0,1,-63.772,-57.902,493,2.165,True
2020-06-15,0,1,-58.76,-46.545,435,2.165,True
2020-06-18,0,1,-66.357,-62.546,493,2.165,True
2020-06-24,1,1,3.724,11.724,0,,False
2020-06-25,1,1,-39.546,-4.236,0,,False
2020-06-26,1,1,-4.496,4.579,0,,False
2020-07-02,0,1,-65.884,-52.235,433,2.165,True
2020-07-08,1,1,-33.563,-5.233,0,,False
2020-07-12,0,1,-0.143,8.756,0,,False
2020-07-23,0,1,-60.735,-47.616,398,2.165,True
2020-07-30,0,1,-28.948,-3.344,0,,False
2020-08-01,0,1,-46.649,-35.479,210,3.756,True
2020-08-08,0,1,-54.593,-23.665,83,3.756,True
2020-08-09,0,1,-70.026,-64.528,493,2.165,True
2020-08-16,0,1,-54.815,-39.378,203,11.127,True
2020-08-17,0,1,-29.95,-6.381,0,,False
2020-08-21,0,1,-60.4,-39.011,274,5.171,True
2020-08-25,0,1,-58.439,5.01,13,44.246,True
2020-08-26,0,1,-55.489,-29.001,65,30.317,True
2020-08-30,0,1,9.087,12.654,0,,False
2020-08-31,1,1,-32.502,2.275,0,,False
2020-09-02,1,1,-68.701,-50.725,455,2.165,True
2020-09-08,1,1,-12.065,3.251,0,,False
2020-09-09,1,1,-58.76,-24.294,154,2.165,True
2020-09-16,0,1,-61.072,-47.36,374,2.165,True
2020-09-17,0,1,-49.792,-9.558,38,36.339,True
2020-09-18,0,1,-37.939,-11.381,0,,False
2020-09-27,0,1,-35.791,-6.113,0,,False
2020-09-29,1,1,-56.864,-15.001,83,14.003,True
2020-10-10,1,1,-54.741,-34.312,188,11.127,True
2020-10-15,0,1,-46.585,-12.117,24,32.22,True
2020-10-17,0,1,-48.922,-22.48,76,3.756,True
2020-10-20,1,1,-74.274,-61.734,493,2.165,True
2020-10-21,1,1,-62.884,-26.132,181,10.731,True
2020-10-27,0,1,14.412,17.299,0,,False
2020-10-31,0,1,8.411,15.826,0,,False
2020-11-05,1,1,-34.176,6.603,0,,False
2020-11-09,0,1,14.855,18.383,0,,False
2020-11-12,0,1,-51.785,-16.373,49,6.728,True
2020-11-26,0,1,-69.307,-52.117,359,2.165,True
2020-11-29,0,1,-8.335,7.163,0,,False
2020-11-30,0,1,-26.528,10.233,0,,False
2020-12-13,0,1,-4.531,5.956,0,,False
2020-12-14,0,1,-1.581,17.016,0,,False
2020-12-29,0,1,8.234,14.377,0,,False
2021-01-13,0,1,-45.953,-5.295,19,32.778,True
2021-01-22,0,1,7.819,13.604,0,,False
2021-01-28,0,1,18.938,23.673,0,,False
2021-02-02,0,1,21.193,23.296,0,,False
2021-02-03,0,1,12.424,16.603,0,,False
2021-02-11,0,1,5.323,22.239,0,,False
2021-02-15,0,1,23.147,25.858,0,,False
2021-02-16,0,1,20.071,24.379,0,,False
2021-02-19,1,1,-21.42,-1.158,0,,False
2021-02-20,1,1,-6.289,9.791,0,,False
2021-02-23,0,1,19.335,20.605,0,,False
2021-02-24,0,1,21.115,23.246,0,,False
2021-02-26,0,1,24.186,26.603,0,,False
2021-03-04,0,1,26.359,28.352,0,,False
2021-03-06,0,1,27.369,31.558,0,,False
2021-03-09,0,1,26.062,29.156,0,,False
2021-03-13,0,1,26.532,29.969,0,,False
2021-03-25,0,1,-38.876,13.989,0,,False
2021-03-28,0,1,-60.4,-30.69,247,2.878,True
2021-03-29,0,1,-61.582,-32.545,163,2.165,True
2021-03-31,0,1,8.735,19.232,0,,False
2021-04-05,0,1,16.768,22.618,0,,False
2021-04-14,1,1,-25.846,-2.237,0,,False
2021-04-15,1,1,-54.741,-16.149,97,2.165,True
2021-04-19,0,1,11.8,20.526,0,,False
2021-04-20,1,1,-2.442,10.28,0,,False
2021-04-21,1,1,-12.931,9.435,0,,False
2021-04-23,1,1,-42.247,0.825,8,14.093,True
2021-04-24,1,1,-22.835,9.156,0,,False
2021-04-29,1,1,16.198,21.491,0,,False
2021-04-30,1,1,-50.813,-14.477,21,9.87,True
2021-05-01,0,1,16.034,21.043,0,,False
2021-05-02,0,1,5.749,12.772,0,,False
2021-05-04,1,1,-0.078,8.855,0,,False
2021-05-07,0,1,2.065,9.735,0,,False
2021-05-10,1,1,-39.043,-6.998,0,,False
2021-05-11,1,1,-34.693,-10.059,0,,False
2021-05-12,1,1,-59.985,-33.62,196,2.165,True
2021-05-13,1,1,-65.603,-12.004,104,22.503,True
2021-05-14,1,1,-52.349,-18.769,6,12.348,True
2021-05-15,0,1,-58.841,-31.383,173,2.165,True
2021-05-17,1,1,-2.309,12.614,0,,False
2021-05-18,1,1,9.583,15.539,0,,False
2021-05-19,1,1,4.926,12.885,0,,False
2021-05-20,1,1,-17.455,-1.001,0,,False
2021-05-21,1,1,-51.297,-13.728,13,39.176,True
2021-05-22,1,1,-60.483,-42.26,330,3.756,True
2021-05-24,0,1,-36.481,-8.221,0,,False
2021-05-25,1,1,-35.266,-17.221,0,,False
2021-05-30,0,1,10.077,15.615,0,,False
2021-06-01,1,1,-15.55,10.45,0,,False
2021-06-02,1,1,-13.845,11.171,0,,False
2021-06-03,1,1,-39.827,-16.79,0,,False
2021-06-04,1,1,-29.137,-0.764,0,,False
2021-06-05,1,1,-58.6,-20.307,110,8.076,True
2021-06-09,0,1,3.413,11.223,0,,False
2021-06-11,0,1,-60.067,-53.554,475,2.165,True
2021-06-21,0,1,1.685,11.432,0,,False
2021-06-24,0,1,-25.936,-2.62,0,,False
2021-06-26,1,1,-58.76,-51.504,463,2.165,True
2021-06-29,0,1,-27.773,8.124,0,,False
2021-06-30,1,1,-13.082,9.561,0,,False
2021-07-04,1,1,-62.272,-57.021,493,2.165,True
2021-07-06,1,1,3.6,8.481,0,,False
2021-07-07,1,1,-38.599,-14.517,0,,False
2021-07-09,1,1,-44.588,-17.629,10,44.132,True
2021-07-22,0,1,-52.704,-34.232,115,13.527,True
2021-07-24,1,1,7.611,9.9,0,,False
2021-07-25,1,1,-34.537,-14.676,0,,False
2021-07-26,0,1,-24.679,-0.562,0,,False
2021-08-01,0,1,-2.775,5.352,0,,False
2021-08-10,0,1,-59.328,-45.587,370,2.165,True
2021-08-19,1,1,-38.158,-0.104,0,,False
2021-08-21,1,1,-67.709,-51.127,371,2.165,True
2021-08-23,1,1,-43.255,-24.889,15,35.075,True
2021-08-26,1,1,-53.422,-32.266,186,12.675,True
2021-08-27,1,1,-45.081,-27.38,50,29.408,True
2021-09-01,1,1,-52.278,-19.604,85,29.369,True
2021-09-12,0,1,-25.62,-13.754,0,,False
2021-09-17,0,1,-13.539,12.821,0,,False
2021-09-19,1,1,-7.801,2.318,0,,False
2021-09-20,1,1,-17.254,1.528,0,,False
2021-09-25,1,1,7.224,9.59,0,,False
2021-09-26,1,1,-60.317,-44.728,364,2.165,True
2021-09-27,1,1,-67.221,-46.415,299,8.461,True
2021-10-01,1,1,-32.452,4.945,0,,False
2021-10-02,1,1,1.621,8.942,0,,False
2021-10-03,1,1,-41.778,-2.984,2,39.82,True
2021-10-04,1,1,-8.156,10.031,0,,False
2021-10-08,1,1,-60.987,-37.226,230,9.345,True
2021-10-09,1,1,-61.157,-38.839,236,7.439,True
2021-10-10,1,1,-17.254,-2.27,0,,False
2021-10-11,1,1,-53.422,-24.233,75,14.003,True
2021-10-12,1,1,-24.946,-6.605,0,,False
2021-10-13,1,1,-1.186,6.514,0,,False
2021-10-15,1,1,-3.513,4.351,0,,False
2021-10-16,1,1,-54.004,-32.26,199,2.165,True
2021-10-18,1,1,-49.657,-8.497,26,27.22,True
2021-10-19,0,1,-28.805,-2.785,0,,False
2021-10-20,0,1,-21.081,2.803,0,,False
2021-10-22,1,1,5.81,11.443,0,,False
2021-10-23,1,1,-26.528,-4.761,0,,False
2021-10-24,1,1,-27.217,-0.041,0,,False
2021-10-31,1,1,-45.453,-25.033,23,13.527,True
2021-11-02,0,1,-54.004,-46.11,490,2.165,True
2021-11-04,1,1,-22.404,-5.785,0,,False
2021-11-05,1,1,-55.716,-33.003,125,2.165,True
2021-11-09,0,1,-61.157,-27.235,75,16.609,True
2021-11-15,1,1,-37.179,-1.766,0,,False
2021-11-16,1,1,-35.475,-9.292,0,,False
2021-11-21,1,1,-57.724,-33.93,182,2.165,True
2021-11-25,0,1,-30.143,-0.221,0,,False
2021-11-28,0,1,-59.409,-49.655,430,9.345,True
2021-12-04,0,1,1.43,11.399,0,,False
2021-12-06,0,1,-27.032,3.86,0,,False
2022-01-11,0,1,20.36,21.578,0,,False
2022-01-14,0,1,1.97,13.087,0,,False
2022-01-16,0,1,6.022,12.666,0,,False
2022-01-18,0,1,11.601,14.675,0,,False
2022-01-21,0,1,23.07,25.018,0,,False
2022-01-23,0,1,22.866,25.069,0,,False
2022-01-29,0,1,7.433,16.074,0,,False
2022-02-09,0,1,-7.482,20.096,0,,False
2022-02-19,0,1,3.382,23.042,0,,False
2022-02-25,0,1,26.359,29.349,0,,False
2022-02-28,0,1,25.864,28.194,0,,False
2022-03-18,0,1,-6.045,17.745,0,,False
2022-03-20,1,1,-11.208,-3.378,0,,False
2022-03-26,0,1,9.028,12.601,0,,False
2022-03-28,0,1,18.246,23.297,0,,False
2022-03-30,0,1,6.565,20.435,0,,False
2022-03-31,0,1,12.65,21.573,0,,False
2022-04-02,0,1,11.315,16.95,0,,False
2022-04-11,0,1,-19.617,9.771,0,,False
2022-04-13,1,1,-2.875,8.862,0,,False
2022-04-14,1,1,-40.451,-6.219,4,42.633,True
2022-04-16,1,1,9.99,18.285,0,,False
2022-04-17,1,1,4.681,16.17,0,,False
2022-04-18,1,1,6.203,11.902,0,,False
2022-04-19,0,1,-17.656,8.154,0,,False
2022-04-23,0,1,-58.041,-27.468,167,5.279,True
2022-04-30,1,1,10.309,17.288,0,,False
2022-05-01,1,1,12.169,18.733,0,,False
2022-05-03,1,1,2.851,14.883,0,,False
2022-05-04,1,1,-14.965,14.712,0,,False
2022-05-05,1,1,-8.085,8.543,0,,False
2022-05-06,1,1,-7.659,13.72,0,,False
2022-05-07,1,1,-52.704,0.431,26,4.172,True
2022-05-08,1,1,-57.488,-10.099,37,6.728,True
2022-05-09,1,1,-56.248,-26.168,109,20.643,True
2022-05-13,1,1,-49.927,-23.359,153,2.165,True
2022-05-14,1,1,2.82,12.097,0,,False
2022-05-15,1,1,-68.601,-54.381,428,2.165,True
2022-05-16,1,1,-16.894,-0.285,0,,False
2022-05-18,1,1,-60.567,-39.737,211,2.165,True
2022-05-20,0,1,-3.278,2.647,0,,False
2022-05-30,1,1,9.291,12.775,0,,False
2022-06-01,0,1,-8.514,11.053,0,,False
2022-06-02,1,1,-24.015,2.195,0,,False
2022-06-03,1,1,14.246,16.139,0,,False
2022-06-04,1,1,3.507,14.174,0,,False
2022-06-05,1,1,-5.25,12.382,0,,False
2022-06-06,1,1,-33.308,7.453,0,,False
2022-06-07,0,1,-52.847,-37.015,222,2.165,True
2022-06-14,1,1,-47.936,-27.573,122,2.165,True
2022-06-16,1,1,-20.325,-9.402,0,,False
2022-06-17,1,1,-22.835,3.365,0,,False
2022-06-18,1,1,-58.041,-37.727,261,2.165,True
2022-06-19,1,1,-17.455,-1.993,0,,False
2022-06-20,1,1,-27.171,4.322,0,,False
2022-06-23,0,1,-57.961,-52.641,493,2.165,True
2022-06-26,0,1,-53.278,-32.329,113,18.181,True
2022-07-01,0,1,-8.085,5.675,0,,False
2022-07-10,0,1,-21.251,-8.314,0,,False
2022-07-19,0,1,-25.395,2.65,0,,False
2022-07-21,1,1,1.78,5.777,0,,False
2022-07-27,1,1,-3.648,10.406,0,,False
2022-07-28,1,1,8.263,11.991,0,,False
2022-07-29,1,1,-58.439,3.538,13,36.339,True
2022-07-30,1,1,8.145,11.099,0,,False
2022-08-01,1,1,-10.215,4.037,0,,False
2022-08-02,1,1,-64.496,-29.184,181,2.878,True
2022-08-03,1,1,-57.253,-21.872,113,16.468,True
2022-08-07,0,1,-54.077,-46.094,433,2.165,True
2022-08-08,0,1,-52.633,-36.537,238,2.165,True
2022-08-14,0,1,-68.902,-55.634,490,2.165,True
2022-08-15,0,1,-55.943,-37.662,212,4.127,True
2022-08-16,0,1,8.293,11.529,0,,False
2022-08-17,0,1,-32.502,6.475,0,,False
2022-08-20,0,1,-57.645,-43.545,346,2.165,True
2022-08-21,1,1,-14.654,-3.625,0,,False
2022-08-25,0,1,-15.668,2.954,0,,False
2022-08-26,1,1,-33.359,-2.521,0,,False
2022-08-27,1,1,-47.096,-16.073,10,39.343,True
2022-08-29,1,1,-47.353,-17.424,12,6.728,True
2022-08-30,1,1,-24.546,-5.246,0,,False
2022-08-31,1,1,-75.203,-34.655,237,2.165,True
2022-09-01,1,1,-58.359,-17.805,43,18.027,True
2022-09-03,1,1,-33.106,3.534,0,,False
2022-09-04,1,1,-22.361,6.841,0,,False
2022-09-05,1,1,0.309,16.682,0,,False
2022-09-06,1,1,-12.969,6.066,0,,False
2022-09-08,0,1,-65.417,-57.951,493,2.165,True
2022-09-11,0,1,-65.138,-37.29,226,2.165,True
2022-10-02,0,1,-62.972,-52.627,430,2.165,True
2022-10-03,0,1,-72.478,-59.048,419,2.165,True
2022-10-05,0,1,-71.932,-67.047,493,2.165,True
2022-10-09,1,1,-59.084,-30.232,171,15.047,True
2022-10-10,1,1,-60.819,-46.287,344,2.165,True
2022-10-11,1,1,-54.445,0.107,12,42.218,True
2022-10-13,1,1,-1.878,9.126,0,,False
2022-10-14,1,1,3.879,11.619,0,,False
2022-10-15,1,1,-11.134,8.557,0,,False
2022-10-16,1,1,-2.442,6.947,0,,False
2022-10-17,1,1,-27.448,4.696,0,,False
2022-10-18,1,1,-22.017,-7.83,0,,False
2022-10-19,1,1,-9.85,8.367,0,,False
2022-10-20,1,1,-22.966,4.366,0,,False
2022-10-30,0,1,-11.023,4.147,0,,False
2022-11-04,0,1,6.022,9.323,0,,False
2022-11-05,0,1,1.843,10.653,0,,False
2022-11-07,0,1,15.788,17.89,0,,False
2022-11-17,0,1,-10.765,19.072,0,,False
2022-11-20,0,1,-58.359,-40.845,316,2.165,True
2022-11-23,0,1,-47.871,-5.4,31,32.19,True
2022-11-28,0,1,8.056,13.353,0,,False
2022-12-04,0,1,-21.846,14.047,0,,False
2022-12-05,0,1,-23.751,8.328,0,,False
2022-12-11,0,1,-36.534,0.387,0,,False
2022-12-14,0,1,-58.922,-35.448,250,2.165,True
2022-12-26,0,1,-8.085,2.275,0,,False
2023-01-06,0,1,5.475,13.545,0,,False
2023-01-07,0,1,8.646,14.241,0,,False
2023-01-12,0,1,24.689,26.15,0,,False
2023-02-12,0,1,10.048,27.057,0,,False
2023-02-13,0,1,25.166,26.849,0,,False
2023-02-23,0,1,26.779,28.544,0,,False
2023-02-26,0,1,25.764,27.818,0,,False
2023-02-27,0,1,25.091,27.34,0,,False
2023-03-10,0,1,-37.939,-0.11,0,,False
2023-03-11,0,1,25.59,27.799,0,,False
2023-03-14,0,1,22.892,25.245,0,,False
2023-03-15,0,1,21.814,23.866,0,,False
2023-03-22,0,1,-16.378,3.526,0,,False
2023-03-28,0,1,13.689,24.736,0,,False
2023-04-10,0,1,22.943,25.867,0,,False
2023-04-11,0,1,26.359,29.382,0,,False
2023-04-13,0,1,28.442,30.635,0,,False
2023-04-20,0,1,17.442,23.639,0,,False
2023-04-21,0,1,12.481,19.329,0,,False
2023-04-24,0,1,5.445,11.361,0,,False
2023-05-31,0,1,-2.176,11.075,0,,False
2023-06-02,0,1,-5.872,9.547,0,,False
2023-06-04,0,1,-35.581,-7.783,0,,False
2023-06-05,0,1,-43.858,-5.313,3,46.901,True
2023-06-19,0,1,-61.84,-54.01,493,2.165,True
2023-07-22,0,1,-50.676,-40.842,306,2.165,True
2023-07-23,0,1,-33.056,-18.528,0,,False
2023-08-02,0,1,-42.247,-27.169,26,26.331,True
2023-08-07,0,1,-42.483,-8.84,1,48.25,True
2023-08-08,0,1,-68.701,-62.447,493,2.165,True
2023-08-10,0,1,-50.952,-31.12,148,2.165,True
2023-08-20,0,1,-55.189,-12.416,88,4.127,True
2023-08-25,0,1,-67.125,-23.5,99,26.585,True
2023-08-29,0,1,-45.019,-5.457,13,34.786,True
2023-08-30,0,1,5.718,11.411,0,,False
2023-10-14,0,1,-15.629,12.122,0,,False
2023-10-21,0,1,3.786,12.829,0,,False
2023-10-25,0,1,20.386,23.784,0,,False
2023-10-29,0,1,3.32,9.053,0,,False
2023-11-02,0,1,-59.82,-38.947,284,2.165,True
2023-11-03,0,1,-43.196,-6.931,3,48.451,True
2023-11-11,0,1,11.458,18.014,0,,False
2023-11-27,0,1,4.527,7.861,0,,False
2023-12-07,0,1,-29.663,-7.233,0,,False
2023-12-15,0,1,-5.044,5.811,0,,False
2024-01-03,0,1,-10.913,-1.388,0,,False
2024-01-11,0,1,-17.375,14.391,0,,False
2024-01-16,0,1,-4.429,21.674,0,,False
2024-01-22,0,1,19.202,23.422,0,,False
2024-02-07,0,1,26.087,28.833,0,,False
2024-03-06,0,1,3.6,23.116,0,,False
2024-03-12,0,1,22.534,24.911,0,,False
2024-03-14,0,1,11.0,17.643,0,,False
2024-03-28,0,1,25.714,29.698,0,,False
2024-03-30,0,1,20.333,28.273,0,,False
2024-04-04,0,1,26.037,31.391,0,,False
2024-04-14,0,1,23.223,26.88,0,,False
2024-04-18,0,1,-46.017,6.876,6,32.484,True
2024-04-21,0,1,-10.288,15.699,0,,False
2024-05-12,1,1,4.466,11.596,0,,False
2024-05-16,0,1,-49.59,-27.268,132,11.105,True
2024-05-29,0,1,-54.298,-22.575,72,3.756,True
2024-05-30,0,1,-0.436,4.94,0,,False
2024-06-02,1,1,-20.116,10.577,0,,False
2024-06-03,1,1,-58.6,-34.771,218,2.878,True
2024-06-08,1,1,-14.268,4.402,0,,False
2024-06-11,0,1,-46.142,-25.045,24,23.064,True
2024-06-13,0,1,-23.795,-1.608,0,,False
2024-06-15,0,1,-62.099,-52.855,490,2.165,True
2024-06-22,0,1,-63.772,-41.086,295,2.878,True
2024-06-23,0,1,-31.905,3.521,0,,False
2024-06-24,0,1,-50.745,-27.86,149,4.172,True
2024-06-26,0,1,-61.668,-47.896,468,2.165,True
2024-07-03,0,1,-56.402,-26.4,150,19.604,True
2024-07-05,0,1,-31.067,-3.908,0,,False
2024-07-09,1,1,-59.82,-46.181,369,2.165,True
2024-07-13,0,1,-53.134,-23.033,90,25.814,True
2024-07-14,0,1,-55.64,-43.302,363,14.358,True
2024-07-26,0,1,-55.489,-50.708,493,2.165,True
2024-07-27,0,1,-56.942,-41.016,271,2.165,True
2024-07-28,0,1,-7.943,6.708,0,,False
2024-10-02,0,1,0.951,12.82,0,,False
2024-10-03,1,1,-50.676,-6.867,41,24.816,True
2024-10-04,1,1,-57.098,-34.842,189,2.165,True
2024-10-05,1,1,-41.895,-5.395,1,49.104,True
2024-10-06,1,1,-50.131,-34.36,152,6.048,True
2024-10-11,1,1,-0.729,6.353,0,,False
2024-10-20,1,1,-2.675,7.597,0,,False
2024-10-21,1,1,-35.423,3.138,0,,False
2024-10-22,1,1,-2.675,8.011,0,,False
2024-10-23,1,1,8.352,11.862,0,,False
2024-10-24,1,1,-46.395,-22.458,41,23.389,True
2024-10-29,0,1,4.373,10.925,0,,False
2024-10-30,0,1,-1.713,7.255,0,,False
2024-10-31,1,1,3.6,10.72,0,,False
2024-11-03,1,1,9.758,13.198,0,,False
2024-11-14,0,1,-48.395,-11.06,11,20.816,True
2024-11-16,1,1,-3.784,7.48,0,,False
2024-11-18,0,1,-34.486,10.342,0,,False
2024-11-22,0,1,16.007,21.442,0,,False
2024-11-25,0,1,-46.079,-10.242,6,33.987,True
2024-12-02,1,1,-65.139,-18.868,93,26.763,True
2024-12-03,1,1,-20.492,-5.271,0,,False
2024-12-24,0,1,7.074,8.975,0,,False
2025-01-02,0,1,-48.923,-7.719,40,16.339,True
2025-01-03,0,1,-7.73,17.2,0,,False
2025-01-08,0,1,21.788,23.739,0,,False
2025-01-10,0,1,9.028,13.722,0,,False
2025-01-15,0,1,-20.955,-8.665,0,,False
2025-01-16,0,1,12.763,16.889,0,,False
2025-01-22,0,1,18.353,20.438,0,,False
2025-02-08,0,1,16.524,22.21,0,,False
2025-02-17,0,1,25.216,27.925,0,,False
2025-02-19,0,1,25.888,28.041,0,,False
2025-02-21,0,1,24.488,25.995,0,,False
2025-02-23,0,1,20.438,24.524,0,,False
2025-02-27,0,1,20.725,24.144,0,,False
2025-03-05,0,1,-55.64,-24.39,92,17.782,True
2025-03-08,0,1,25.065,29.134,0,,False
2025-03-10,0,1,24.035,27.248,0,,False
2025-03-12,0,1,12.084,17.622,0,,False
2025-03-15,0,1,28.563,31.595,0,,False
2025-03-16,0,1,24.136,29.439,0,,False
2025-03-23,1,1,3.444,12.759,0,,False
2025-03-24,1,1,11.258,19.572,0,,False
2025-03-25,0,1,17.604,23.253,0,,False
2025-03-29,0,1,25.888,28.434,0,,False
2025-04-01,0,1,7.789,18.636,0,,False
2025-04-04,1,1,4.773,15.066,0,,False
2025-04-12,1,1,18.406,20.653,0,,False
2025-04-15,1,1,-10.95,17.389,0,,False
2025-04-16,0,1,-5.044,13.626,0,,False
2025-04-17,1,1,17.657,19.881,0,,False
2025-04-19,1,1,-26.757,2.988,0,,False
2025-04-21,1,1,15.569,21.299,0,,False
2025-05-02,1,1,-2.01,11.759,0,,False
2025-05-03,1,1,-20.116,13.056,0,,False
2025-05-08,0,1,8.793,16.309,0,,False
2025-05-12,0,1,12.622,17.612,0,,False
2025-05-13,1,1,-42.601,8.635,3,43.129,True
2025-05-14,1,1,-28.053,0.172,0,,False
2025-05-15,1,1,-25.35,6.905,0,,False
2025-05-16,1,1,-1.023,10.986,0,,False
2025-05-17,1,1,-44.834,-11.708,11,8.461,True
2025-05-18,1,1,-24.28,-0.015,0,,False
2025-05-19,1,1,-67.906,-59.117,481,2.165,True
2025-05-20,0,1,-62.185,-50.78,441,2.165,True
2025-05-22,0,1,-56.172,-31.248,110,2.878,True
2025-05-26,0,1,-29.233,-6.447,0,,False
2025-05-30,0,1,-37.179,-17.84,0,,False
2025-05-31,0,1,-35.739,-18.259,0,,False
2025-06-01,0,1,-6.813,12.455,0,,False
2025-06-11,1,1,-66.263,-61.387,493,2.165,True
2025-06-12,0,1,-36.856,-6.519,0,,False
2025-06-16,0,1,-33.512,-12.767,0,,False
2025-06-22,0,1,-58.761,-51.569,491,2.165,True
2025-06-23,0,1,-53.858,-37.873,145,25.814,True
2025-06-28,0,1,-33.869,-0.288,0,,False
2025-07-04,0,1,-34.434,-9.68,0,,False
2025-07-10,0,1,-50.54,-4.803,25,33.118,True
2025-07-13,0,1,-49.256,-35.416,206,2.165,True
2025-07-22,0,1,-30.288,-12.125,0,,False
2025-07-24,0,1,-34.901,-21.04,0,,False
2025-07-31,0,1,-40.281,-22.425,1,44.864,True
2025-08-04,1,1,-9.342,5.146,0,,False
2025-08-07,1,1,-53.858,-30.221,187,2.165,True
2025-08-10,1,1,-31.756,-15.441,0,,False
2025-08-11,0,1,-31.214,-12.673,0,,False
2025-08-14,0,1,-38.268,-23.091,0,,False
2025-08-15,0,1,-21.975,1.006,0,,False
2025-08-18,0,1,-51.926,-33.826,75,27.276,True
2025-08-22,0,1,-40.737,-17.445,2,47.817,True
2025-08-23,1,1,-62.621,-46.841,437,2.165,True
2025-08-25,0,1,-52.562,-26.084,137,2.165,True
2025-08-26,0,1,-48.002,-11.844,30,19.103,True
2025-08-29,1,1,-61.754,-45.896,373,2.165,True
2025-09-01,0,1,-58.44,-43.063,355,2.165,True
2025-09-02,1,1,-48.395,-27.414,27,19.159,True
2025-09-05,1,1,-41.371,-2.244,8,31.734,True
2025-09-11,1,1,-56.096,-41.091,318,2.165,True
2025-09-12,0,1,-59.328,-41.921,296,2.165,True
2025-09-18,1,1,2.632,7.922,0,,False
2025-09-19,1,1,-55.868,-24.619,97,9.452,True
2025-09-22,0,1,-56.787,-31.702,228,6.048,True
2025-10-03,1,1,-19.95,1.799,0,,False
2025-10-04,1,1,-58.28,-48.194,475,2.165,True
2025-10-10,1,1,-33.207,0.917,0,,False
2025-10-11,1,1,-36.375,6.763,0,,False
2025-10-17,1,,,,,,0
2025-10-19,1,,,,,,0
2025-10-21,1,,,,,,0
2025-10-29,0,,,,,,0
2025-11-01,0,,,,,,0
2025-11-03,0,,,,,,0
2025-11-05,0,,,,,,0
2025-11-14,0,,,,,,0
2025-11-15,0,,,,,,0
2025-11-25,0,,,,,,0
2025-11-27,0,1,-48.989,-27.609,103,4.127,True
2025-12-01,0,1,2.976,7.598,0,,False
2025-12-10,0,1,17.791,20.929,0,,False
2025-12-15,0,1,21.659,23.188,0,,False
2025-12-21,0,1,-2.475,18.024,0,,False
2025-12-24,0,1,19.783,21.791,0,,False
2025-12-30,0,1,14.799,19.017,0,,False
