date,slot,ist_window,valid_time_utc,source_cycle_utc,source_fhour,fetched_at_utc,CAPE,CIN,K,LI,TT,PW,K_INDEX,LIFTED_INDEX,TOTALS_TOTALS,PRECIP_WATER,CAPE_QC_FLAG,CAPE_PYGRIB_CROSSCHECK,ERA5_u_500hPa,ERA5_v_500hPa,ERA5_u_850hPa,ERA5_v_850hPa,ERA5_u_700hPa,ERA5_v_700hPa,SRH_0_3km,EHI,BRN,wind_shear_500_850_ms
2026-07-16,0,0001-0600,2026-07-15 18:00,2026-07-15 06:00,12,2026-07-15 15:27,132.0,-81.1998291015625,20.664021174455115,-0.6242593791039326,43.83670951628534,24.94693946838379,,,,,,,,,,,,,,,,
2026-07-16,3,1801-2400,2026-07-16 12:00,2026-07-16 00:00,12,2026-07-16 10:10,59.0,-45.37158203125,,,,,36.07726500317728,2.2847507963477938,39.98095876141008,39.33922958374024,,,,,,,,,,,,
2026-07-17,0,0001-0600,2026-07-16 18:00,2026-07-16 06:00,12,2026-07-16 10:12,33.0,-56.8841552734375,,,,,31.28666098684363,1.2921289335621395,41.19647184704832,36.503849029541016,,,,,,,,,,,,
2026-07-17,1,0601-1200,2026-07-17 00:00,2026-07-16 12:00,12,2026-07-16 17:08,69.0,-52.794921875,,,,,32.229702887878204,1.4401815362650725,40.314212874625696,41.98036956787109,,,,,,,,,,,,
2026-07-16,1,0601-1200,2026-07-16 00:00,2026-07-15 12:00,12,2026-07-24 00:46,31.0,-54.0662841796875,,,,,20.94084778781377,0.3504776484144258,41.27869961073407,25.02144241333008,,,,,,,,,,,,
2026-07-16,2,1201-1800,2026-07-16 06:00,2026-07-15 18:00,12,2026-07-24 00:47,0.0,0.384521484375,,,,,21.57283557459141,0.4561152361020504,42.09222580699702,28.748336791992188,,,,,,,,,,,,
2026-07-17,2,1201-1800,2026-07-17 06:00,2026-07-16 18:00,12,2026-07-24 00:47,87.0,-6.73193359375,,,,,37.45858512361525,-0.5226765202005481,43.40314589838181,44.88259506225586,,,,,,,,,,,,
2026-07-17,3,1801-2400,2026-07-17 12:00,2026-07-17 00:00,12,2026-07-24 00:47,0.0,-2.04345703125,,,,,35.47864583090143,1.3612754866591104,40.96126082369221,44.86789321899414,,,,,,,,,,,,
2026-07-24,3,1801-2400,2026-07-24 12:00,2026-07-24 00:00,12,2026-07-24 04:15,195.0,-70.546142578125,,,,,40.3139180912624,-0.4933240052435508,44.33953575495036,42.394805908203125,OK,,,,,,,,,,,
2026-07-26,3,1801-2400,2026-07-26 12:00,2026-07-26 00:00,12,2026-07-26 17:37,65.0,-41.2890625,,,,,34.41707910827597,0.7039581433989497,41.11025258879994,43.80735778808594,OK,,3.027214288711548,-4.863901138305664,12.224878311157228,-1.626406192779541,,,,,,
2026-08-11,3,1801-2400,2026-08-11 12:00,2026-08-11 00:00,12,2026-08-11 12:18,221.0,-12.937744140625,,,,,40.76058885638486,-0.615842822593379,44.02800850909773,44.62444305419922,OK,,7.307165622711182,0.324685662984848,9.173422813415527,-1.072656273841858,7.856410980224609,-0.8071923851966858,,,,
2026-08-12,0,0001-0600,2026-08-11 18:00,2026-08-11 06:00,12,2026-08-11 12:53,13.0,-60.6689453125,,,,,35.133916299611315,0.167653577208739,42.17807446187544,44.45787048339844,OK,,5.667473316192627,1.6827441453933716,11.201708793640137,-2.6125879287719727,7.114848136901856,-0.8763574361801147,,,,
2026-09-17,1,0601-1200,2026-09-17 00:00,2026-09-16 12:00,12,2026-09-16 19:23,216.0,-51.54833984375,,,,,38.60872438653536,-1.3480929969868498,44.73024190627814,42.392845153808594,OK,,-4.200121879577637,1.674230933189392,3.4217212200164795,-2.1712279319763184,0.353676825761795,-0.6672580242156982,-13.78,0.0,5.93,8.54
2026-09-17,2,1201-1800,2026-09-17 06:00,2026-09-16 18:00,12,2026-09-17 04:05,426.0,0.0176753997802734,,,,,36.28887533837957,-2.398002730669077,45.528525870077374,42.11628341674805,OK,,-4.162225723266602,0.3308898508548736,3.402529239654541,0.8733447194099426,1.0187548398971558,-0.3655078113079071,-13.48,0.0,14.81,7.58
2026-09-17,3,1801-2400,2026-09-17 12:00,2026-09-17 00:00,12,2026-09-17 10:28,220.0,-42.6685791015625,,,,,40.63658071451317,-0.6489531744238661,45.43340464502961,42.85549545288086,OK,,-3.7748749256134033,-0.303131103515625,4.612036228179932,5.15545654296875,3.238701105117798,-4.385214805603027,-42.95,0.0,4.39,10.01
2026-09-18,0,0001-0600,2026-09-17 18:00,2026-09-17 06:00,12,2026-09-17 15:04,449.0,-34.753662109375,,,,,38.91178340569411,-2.220356308418616,45.57060129746117,44.96962738037109,OK,,-2.499139308929444,-1.019952416419983,6.952841758728027,-0.5658175945281982,1.3831493854522705,-0.37042236328125,-15.33,0.0,10.03,9.46
2026-09-18,2,1201-1800,2026-09-18 06:00,2026-09-17 18:00,12,2026-09-18 06:14,300.0,-6.169629096984863,,,,,36.24015112847127,-2.3730592626473026,45.23633480196963,42.19832229614258,OK,,-0.043792724609375,-0.8500121831893921,5.089460372924805,-2.642749071121216,2.746035099029541,0.2237402349710464,-2.04,0.0,20.29,5.44
2026-09-18,3,1801-2400,2026-09-18 12:00,2026-09-18 00:00,12,2026-09-18 10:04,572.0,-5.109033107757568,,,,,40.85290925687275,-1.9110496302638469,45.27882819678212,43.93151473999024,OK,,-1.422491431236267,-2.761816501617432,4.331371784210205,-1.7988183498382568,5.037959098815918,-2.5117528438568115,-7.98,0.0,33.61,5.83
2026-09-19,0,0001-0600,2026-09-18 18:00,2026-09-18 06:00,12,2026-09-18 14:33,329.0,-65.52656555175781,,,,,39.16207710916302,-1.6191465467953208,44.62024242953089,46.86906433105469,OK,,1.027441382408142,-4.370278358459473,6.915585517883301,-4.918376445770264,-0.1405786126852035,-3.1836328506469727,-4.44,0.0,18.82,5.91
2026-09-19,1,0601-1200,2026-09-19 00:00,2026-09-18 12:00,12,2026-09-18 19:58,235.0,-52.35595703125,,,,,35.44244726072833,-2.1274233765465738,45.50971702492871,43.668270111083984,OK,,-0.0635887160897255,-3.842084884643554,4.819027900695801,-1.655004858970642,2.2151098251342773,-2.534104108810425,-4.9,0.0,16.42,5.35
2026-09-19,2,1201-1800,2026-09-19 06:00,2026-09-18 18:00,12,2026-09-19 01:38,484.0,-1.003662109375,,,,,35.06285751763784,-3.241977710490005,46.26781486291151,41.00564193725586,OK,,-1.081174373626709,-4.038383960723877,4.017033576965332,-3.50006103515625,0.8429614305496216,-1.100834608078003,-0.28,0.0,36.83,5.13
2026-09-19,3,1801-2400,2026-09-19 12:00,2026-09-19 00:00,12,2026-09-19 09:45,363.0,-12.093994140625,,,,,41.53915129447188,-1.626842440962264,46.25709654169242,39.384857177734375,OK,,-0.880939781665802,-5.960605621337891,3.0702807903289795,-4.019526481628418,2.935681104660034,-1.0620923042297363,0.35,0.0008,37.46,4.4
2026-09-20,0,0001-0600,2026-09-19 18:00,2026-09-19 06:00,12,2026-09-19 13:57,213.0,-36.15644454956055,,,,,37.78029648679205,-1.310621888807589,45.78800554852245,44.51832580566406,OK,,-2.198310613632202,-6.555893421173096,3.903439998626709,-3.4932665824890137,-1.275607705116272,-3.023435115814209,-2.5,0.0,9.14,6.83
2026-09-20,1,0601-1200,2026-09-20 00:00,2026-09-19 12:00,12,2026-09-19 19:36,319.0,-31.188720703125,,,,,38.69662736333743,-2.237276824065077,45.29524975604335,48.69245147705078,OK,,-2.8922455310821533,-5.821398735046387,3.638991594314575,-3.507265329360962,-0.7435449361801147,-3.627785682678223,-5.88,0.0,13.29,6.93
2026-09-20,2,1201-1800,2026-09-20 06:00,2026-09-19 18:00,12,2026-09-20 04:40,355.0,-11.6412353515625,,,,,37.72878699944005,-2.772568191316964,45.009026452749765,46.5909423828125,OK,,-4.616006374359131,-3.062835693359375,4.990192890167236,-2.697429180145264,0.4917089939117431,-2.3408517837524414,-15.64,0.0,7.68,9.61
2026-09-20,3,1801-2400,2026-09-20 12:00,2026-09-20 00:00,12,2026-09-20 10:08,619.0,-4.669677734375,,,,,41.075718049459056,-3.7759121756676,48.61556075085292,47.42843246459961,OK,,-1.4509750604629517,-4.277768135070801,1.840905785560608,-2.4183130264282227,0.1311303675174713,-4.501779556274414,-3.91,0.0,86.61,3.78
2026-09-21,0,0001-0600,2026-09-20 18:00,2026-09-20 06:00,12,2026-09-20 14:16,267.0,-26.28570556640625,,,,,40.83866977210778,-2.2782472579070827,45.64493915259772,50.76437759399414,OK,,-3.271942138671875,-3.660543918609619,4.089728832244873,0.2864209115505218,0.8198632597923279,-3.2477660179138184,-17.45,0.0,7.65,8.35
2026-09-21,1,0601-1200,2026-09-21 00:00,2026-09-20 12:00,12,2026-09-20 19:44,178.0,-11.9718017578125,,,,,36.95582251821634,-1.1380962632791238,42.4565233442346,49.09502029418945,OK,,-2.789059400558472,-1.002163648605347,7.703310489654541,2.022458553314209,-0.0030078124254941,-5.179785251617432,-39.78,0.0,2.99,10.92
2026-09-21,2,1201-1800,2026-09-21 06:00,2026-09-20 18:00,12,2026-09-21 01:42,612.0,-1.3084716796875,,,,,36.00394930678749,-3.320100319698156,45.50946543559485,45.94509506225586,OK,,-4.922622680664063,-0.8879028558731079,5.788053512573242,-0.4233789145946502,1.284023404121399,-1.0975266695022583,-23.26,0.0,10.65,10.72
2026-09-21,3,1801-2400,2026-09-21 12:00,2026-09-21 00:00,12,2026-09-21 11:09,870.0,-7.489990234375,,,,,42.52860754475103,-3.435363035298792,47.00781437652074,48.19793319702149,OK,,-4.328045845031738,-1.5334901809692385,4.4043869972229,-0.6136474609375,5.791247367858887,-4.066596508026123,-24.93,0.0,22.57,8.78
2026-09-22,0,0001-0600,2026-09-21 18:00,2026-09-21 06:00,12,2026-09-21 16:30,119.0,-60.7066650390625,,,,,36.31340968250612,-0.9543266730594836,43.285048558699714,49.01179122924805,OK,,-1.4372589588165283,-2.533978223800659,7.657766342163086,2.7171120643615723,5.71593713760376,-5.535306930541992,-42.3,0.0,2.16,10.5
2026-09-22,1,0601-1200,2026-09-22 00:00,2026-09-21 12:00,12,2026-09-21 21:14,172.0,-40.9398193359375,,,,,33.73459859345229,-1.2828271394326975,42.23548804946847,47.19977951049805,OK,,-0.19183349609375,-0.667895495891571,7.672097206115723,-3.241740226745605,9.353124618530272,-4.72665548324585,-15.29,0.0,5.02,8.27
2026-09-22,2,1201-1800,2026-09-22 06:00,2026-09-21 18:00,12,2026-09-22 01:54,1.0,-64.802978515625,,,,,23.267631443507128,-1.072534480097886,41.914508557770205,36.17680358886719,OK,,3.215344190597534,-4.421911716461182,8.536676406860352,-0.859881579875946,9.621014595031738,-2.9353368282318115,-12.66,0.0,0.05,6.4
2026-09-22,3,1801-2400,2026-09-22 12:00,2026-09-22 00:00,12,2026-09-22 10:22,141.0,-27.907470703125,,,,,24.01746678085265,-1.4844557171930433,44.22526490242893,38.11155700683594,OK,,6.076552867889404,-3.407324314117432,8.131670951843262,-1.043573021888733,12.415340423583984,-2.2323386669158936,-6.03,0.0,28.74,3.13
2026-09-23,0,0001-0600,2026-09-22 18:00,2026-09-22 06:00,12,2026-09-22 15:00,0.0,-0.0365234389901161,,,,,19.33755570927042,1.936816604773071,38.27229264578932,28.10089492797852,OK,,4.100726127624512,-2.2929015159606934,12.530664443969728,-1.5620241165161133,11.52921199798584,-4.400949478149414,-21.16,0.0,0.0,8.46
2026-09-23,1,0601-1200,2026-09-23 00:00,2026-09-22 12:00,12,2026-09-22 20:29,0.0,0.1112060546875,,,,,12.520906293751636,3.789295682250384,35.06340881843158,27.53119468688965,OK,,8.072393417358398,-2.260772705078125,13.221606254577637,-2.4514403343200684,10.313055038452148,-6.140515327453613,-11.5,0.0,0.0,5.15
2026-09-23,2,1201-1800,2026-09-23 06:00,2026-09-22 18:00,12,2026-09-23 01:48,2.0,-0.022216796875,,,,,34.93234387461047,0.9194949423438176,40.40322868137912,46.69526672363281,OK,,10.059191703796388,-5.889886379241943,10.226720809936523,-0.835723876953125,10.473925590515137,-4.955895900726318,-5.44,0.0,0.16,5.06
2026-09-23,3,1801-2400,2026-09-23 12:00,2026-09-23 00:00,12,2026-09-23 10:18,54.0,-18.46368408203125,,,,,39.74991613714423,-0.6193875659857895,43.99672283968755,48.59126281738281,OK,,12.029449462890623,-1.6196715831756592,13.593957901000977,-1.4443237781524658,10.398022651672363,-6.387658596038818,-2.86,0.0,43.58,1.57
2026-09-24,0,0001-0600,2026-09-23 18:00,2026-09-23 06:00,12,2026-09-23 14:09,0.0,-0.2130126953125,,,,,30.68422628879199,3.723113183358748,36.670345752049,37.89655303955078,SUSPECT_NO_CROSSCHECK,,13.824213027954102,-7.107751369476318,11.93179416656494,-0.3548583984375,11.36228084564209,-5.3089599609375,-4.81,0.0,0.0,7.01
2026-09-24,1,0601-1200,2026-09-24 00:00,2026-09-23 12:00,12,2026-09-23 20:41,0.0,-0.16357421875,,,,,32.75876758357009,2.8138830393254466,41.00785591534634,37.79030990600586,SUSPECT_NO_CROSSCHECK,,14.816357612609863,-5.472601413726807,14.869091987609863,-2.159100294113159,12.187108993530272,-4.911175727844238,0.85,0.0,0.0,3.31
2026-09-24,2,1201-1800,2026-09-24 06:00,2026-09-23 18:00,12,2026-09-24 01:39,211.0,-10.18402099609375,,,,,36.24824832381324,-0.6591785514140724,40.64035901621492,42.480377197265625,OK,,10.278955459594728,-5.256341934204102,12.593847274780272,-0.761578381061554,12.416112899780272,-4.302209377288818,-7.26,0.0,16.51,5.06
2026-09-24,3,1801-2400,2026-09-24 12:00,2026-09-24 00:00,12,2026-09-24 10:32,219.0,-3.2123045921325684,,,,,40.08141452047016,-1.25360879825422,44.5163295628426,45.58565521240234,OK,,10.912878036499023,-3.459185838699341,14.040380477905272,0.4395263791084289,11.367334365844728,-2.4927306175231934,-4.27,0.0,17.53,5.0
2026-09-25,0,0001-0600,2026-09-24 18:00,2026-09-24 06:00,12,2026-09-24 15:12,49.0,-42.8424072265625,,,,,33.785118377707136,0.0346773438518539,41.15731145227534,46.190216064453125,OK,,8.3365478515625,-1.068640112876892,16.130443572998047,0.373645007610321,11.683313369750977,-5.878045558929443,-25.88,0.0,1.56,7.93
2026-09-25,1,0601-1200,2026-09-25 00:00,2026-09-24 12:00,12,2026-09-24 20:47,1.0,-0.3780517578125,,,,,31.350049542160377,1.0079767697583293,41.003252431623935,39.08022689819336,OK,,7.451379299163818,1.2336609363555908,16.1872501373291,-1.689361572265625,12.789521217346191,-3.9655215740203857,-25.85,0.0,0.02,9.21
2026-09-25,2,1201-1800,2026-09-25 06:00,2026-09-24 18:00,12,2026-09-25 01:56,288.0,-0.302734375,,,,,34.46698992869972,-1.42104162807766,42.18029108321997,41.344871520996094,OK,,8.429369926452637,1.89794921875,10.79400634765625,0.63629150390625,13.203085899353027,-2.604374885559082,-2.89,0.0,80.19,2.68
2026-09-25,3,1801-2400,2026-09-25 12:00,2026-09-25 00:00,12,2026-09-25 10:35,146.0,-27.38568115234375,,,,,35.63049771957418,-1.1520254679198274,43.35704337256499,43.506160736083984,OK,,13.51953125,7.516860485076904,13.400787353515623,-2.910717725753784,15.238489151000977,-0.2407104521989822,-14.11,0.0,2.69,10.43
2026-09-26,0,0001-0600,2026-09-25 18:00,2026-09-25 06:00,12,2026-09-25 15:19,22.0,-141.32415771484375,,,,,31.88401483047062,2.4390188662657124,36.82346355205226,37.84076690673828,OK,,13.617475509643556,4.057392597198486,15.173620223999023,-0.0079772947356104,10.590283393859863,-3.4588623046875,-11.55,0.0,2.32,4.35
2026-09-26,1,0601-1200,2026-09-26 00:00,2026-09-25 12:00,12,2026-09-25 20:45,1.0,0.33349609375,,,,,26.365678691497465,2.8678307878774945,35.8944121862404,35.35893249511719,OK,,10.219189643859863,4.631103515625,14.33673095703125,-0.1909057646989822,6.730920314788818,-2.9512267112731934,-23.55,0.0,0.05,6.34
2026-09-26,2,1201-1800,2026-09-26 06:00,2026-09-25 18:00,12,2026-09-26 06:28,0.0,-0.34912109375,,,,,30.218905847623148,1.4468209354922124,38.152110261843234,35.987225,SUSPECT_NO_CROSSCHECK,,13.030599365234377,4.9261328125,8.903796386718751,-0.9858947753906252,6.785547256469727,-1.2621612548828125,-13.54,0.0,0.0,7.21
2026-09-26,3,1801-2400,2026-09-26 12:00,2026-09-26 00:00,12,2026-09-26 10:18,131.0,-5.9395751953125,,,,,33.9422977307791,0.6433722120619336,40.60943523275671,35.79081875,OK,,11.2735986328125,7.087509765625001,5.37418212890625,-1.98145751953125,6.712392578125,-2.22619140625,-17.42,0.0,2.24,10.82
2026-09-27,0,0001-0600,2026-09-26 18:00,2026-09-26 06:00,12,2026-09-26 14:33,0.0,-0.27423095703125,,,,,31.35514955408661,3.681765626084939,38.90115524187388,34.509684375,SUSPECT_NO_CROSSCHECK,,9.926010131835938,9.8510009765625,4.33658447265625,-2.000506591796875,2.7876129150390625,-3.07188720703125,-36.32,0.0,0.0,13.1
2026-09-27,1,0601-1200,2026-09-27 00:00,2026-09-26 12:00,12,2026-09-26 20:08,0.0,-32.09039306640625,,,,,33.68536188784981,4.323901128309046,38.249132417109536,35.721740625,SUSPECT_NO_CROSSCHECK,,12.9390966796875,5.997822265625,4.073162841796875,-0.3390869140625,-1.263909912109375,-0.473333740234375,-33.14,0.0,0.0,10.9
2026-09-27,2,1201-1800,2026-09-27 06:00,2026-09-26 18:00,12,2026-09-27 01:49,83.0,-40.44287109375,,,,,31.253159898967223,1.157583307842117,39.64516305467265,32.865559375000004,OK,,14.2512744140625,2.240703125,0.7068969726562501,-1.9617218017578129,-0.279827880859375,-1.4339052200317384,-41.47,0.0,0.83,14.18
2026-09-27,3,1801-2400,2026-09-27 12:00,2026-09-27 00:00,12,2026-09-27 10:48,166.0,-18.4415283203125,,,,,37.83389692619664,1.1722469147385937,40.34348140173273,33.9317,OK,,9.905111694335938,1.9053173828125,3.9244750976562495,-1.3269104003906251,0.4790237426757812,-3.5985034179687503,-7.85,0.0,7.18,6.8
2026-09-28,0,0001-0600,2026-09-27 18:00,2026-09-27 06:00,12,2026-09-27 15:12,38.0,-40.940039062500006,,,,,34.864466461360564,3.743428394719558,39.888131899288624,36.327778125,OK,,9.55431640625,0.380078125,-2.514947509765625,0.091796875,1.02255859375,0.6329296875,-29.17,0.0,0.52,12.07
2026-09-28,1,0601-1200,2026-09-28 00:00,2026-09-27 12:00,12,2026-09-27 20:24,12.0,-46.2139892578125,,,,,35.28494405528153,2.9882503382100936,39.895158166290855,37.37684375,OK,,9.365960693359376,-0.492791748046875,-1.924044799804688,0.794287109375,-0.953369140625,-0.0837353515625,-21.32,0.0,0.19,11.36
2026-09-28,2,1201-1800,2026-09-28 06:00,2026-09-27 18:00,12,2026-09-28 02:00,257.0,-64.6884765625,,,,,37.24189748429626,0.0318360485992457,41.19472601588024,37.693609375,OK,,8.768203125,0.4952099609375,0.247998046875,1.1726953077316284,0.193720703125,0.94948486328125,-13.05,0.0,7.04,8.55
2026-09-28,3,1801-2400,2026-09-28 12:00,2026-09-28 00:00,12,2026-09-28 12:01,433.0,-7.6845703125,,,,,40.16489002529056,-0.4085479543585961,43.45979351662714,40.1561875,OK,,8.3489501953125,2.796630859375,-0.3088720703125,0.710341796875,2.296943359375,0.92130615234375,-13.67,0.0,10.92,8.91
2026-09-29,0,0001-0600,2026-09-28 18:00,2026-09-28 06:00,12,2026-09-28 18:12,195.0,-82.6640625,,,,,37.7694526886134,0.4206904708474326,41.82844895219944,40.828828125,OK,,11.819423828125,0.811640625,0.8970151901245118,0.7144927501678467,-3.752314453125,0.13724609375,-20.42,0.0,3.27,10.92
2026-09-29,1,0601-1200,2026-09-29 00:00,2026-09-28 12:00,12,2026-09-28 22:39,94.0,-72.336669921875,,,,,38.00232419904347,0.8937659579688102,41.50575663017838,41.107315625000005,OK,,9.100041503906253,1.4370458984375,-1.0837986755371094,1.181552734375,-2.0451463317871093,0.60203369140625,-17.57,0.0,1.81,10.19
2026-09-29,2,1201-1800,2026-09-29 06:00,2026-09-28 18:00,12,2026-09-29 02:45,508.0,-14.5059814453125,,,,,37.900995306473135,-1.620347633505503,43.163131918647366,42.356521875,OK,,2.959521484375,0.3695263671875,0.318072509765625,0.2856903076171875,-2.0682069778442385,2.3124511718750003,-3.16,0.0,145.47,2.64
2026-09-29,3,1801-2400,2026-09-29 12:00,2026-09-29 00:00,12,2026-09-29 11:36,826.0,-33.39697265625,,,,,39.21093093716786,-2.7886744172730573,45.71697346103269,45.696196875000005,OK,,4.94337646484375,-2.8564453125,-1.537234497070313,-0.6083557128906251,2.8744677734375,5.69196533203125,-25.74,0.0,35.11,6.86
2026-09-30,0,0001-0600,2026-09-29 18:00,2026-09-29 06:00,12,2026-09-29 16:33,190.0,-74.49970703125,,,,,38.910873203610095,-1.4647483710527354,45.72799170473269,44.490996875,OK,,4.557026443481446,-0.3276707458496093,-1.8856079101562504,4.35814208984375,-1.0301171875,1.5917919921875,-7.29,0.0,5.99,7.97
2026-09-30,1,0601-1200,2026-09-30 00:00,2026-09-29 12:00,12,2026-09-29 21:32,237.0,-41.141845703125,,,,,39.27857574894989,-2.5935278677707743,46.94503000601463,45.139812500000005,OK,,2.838494873046875,-3.46417236328125,-1.9941469192504884,0.55657958984375,-1.497763671875,2.91276123046875,-11.87,0.0,11.99,6.29
2026-09-30,2,1201-1800,2026-09-30 06:00,2026-09-29 18:00,12,2026-09-30 02:24,808.0,0.3125,,,,,40.239905771717474,-4.753897210407615,48.41621521406017,46.52335,OK,,-1.9024810791015625,-1.4139892578125002,0.26458984375,0.04747802734375,-1.865703125,1.5969482421875,0.88,0.0044,236.53,2.61
2026-09-30,3,1801-2400,2026-09-30 12:00,2026-09-30 00:00,12,2026-09-30 12:15,1312.0,-18.06298828125,,,,,40.98556136053412,-4.908932534895541,49.29704775195916,46.91326875,OK,,-1.2806886672973634,-1.41802978515625,-1.123559417724609,-2.2565576171875,0.90277099609375,1.5771827697753906,0.63,0.0052,3605.29,0.85
2026-10-01,0,0001-0600,2026-09-30 18:00,2026-09-30 06:00,12,2026-09-30 16:26,234.0,-79.106689453125,,,,,40.372236753912205,-1.817238164447872,46.47669242175823,40.896821875,OK,,-0.5346893310546875,-1.2115478515625,-5.1575732421875005,-4.220243530273438,-1.22626220703125,-1.33977783203125,-6.2,0.0,15.38,5.52
2026-10-01,1,0601-1200,2026-10-01 00:00,2026-09-30 12:00,12,2026-09-30 21:33,216.0,-74.52036743164062,,,,,39.52291431038384,-2.31733679901754,48.438650980494685,41.429603125,OK,,-3.1040771484375003,-4.3685595703125,-3.76064697265625,-0.1511279296875,-2.3835543823242187,-2.3088720703125,-4.88,0.0,23.71,4.27
2026-10-01,2,1201-1800,2026-10-01 06:00,2026-09-30 18:00,12,2026-10-01 02:26,688.0,-0.11474609375,,,,,37.715644405659305,-4.469231391449796,49.04875559617835,37.935665625,OK,,-5.11072265625,-3.516787109375,-3.2777685546875,-0.7322776794433594,-4.209452514648437,-3.9583837890625,-3.19,0.0,123.82,3.33
2026-10-01,3,1801-2400,2026-10-01 12:00,2026-10-01 00:00,12,2026-10-01 11:50,1145.0,-14.339794921875,,,,,42.34644448741301,-4.386084689978191,48.22556675425318,37.593250000000005,OK,,-5.178390502929688,-4.691553115844727,-1.1655709838867188,-1.6424362182617187,-5.623818359375,-6.5956103515625,-6.86,0.0,90.16,5.04
2026-10-02,1,0601-1200,2026-10-02 00:00,2026-10-01 12:00,12,2026-10-01 22:01,131.0,-70.8068359375,,,,,35.85940807655817,-0.5513747914063174,44.78623364039714,35.649303125,OK,,-4.8660107421875,-4.6921875,-5.933136367797852,-0.5959413528442383,-5.607046508789063,-5.36295166015625,-2.11,0.0,14.62,4.23
2026-10-02,2,1201-1800,2026-10-02 06:00,2026-10-01 18:00,12,2026-10-02 02:36,0.0,-0.4766845703125,,,,,29.67022954932986,0.0958443024005646,41.86129046150626,30.448321875,OK,,-5.776620483398438,-2.5332568359375,-4.966522598266602,-2.9198577880859378,-5.317294921875,-7.376190795898438,-1.4,0.0,0.0,0.9
2026-10-02,3,1801-2400,2026-10-02 12:00,2026-10-02 00:00,12,2026-10-02 11:23,230.0,-13.7767333984375,,,,,39.28525696089338,-0.4994127708661722,43.74920142069891,33.279896875,OK,,-5.698623046875,-2.2852001953125,-4.9738105773925785,-4.425299453735351,-5.13037109375,-1.6291229248046877,-0.39,0.0,90.1,2.26
2026-10-03,0,0001-0600,2026-10-02 18:00,2026-10-02 06:00,12,2026-10-02 16:18,125.0,-86.2021484375,,,,,34.629706848392345,0.5252367560578364,41.829785492459166,33.775384375,OK,,-6.67642578125,-0.7742479705810547,-6.404833984375,1.470074462890625,-5.261804199218751,-4.552362060546876,-2.36,0.0,48.92,2.26
2026-10-03,1,0601-1200,2026-10-03 00:00,2026-10-02 12:00,12,2026-10-02 21:38,29.0,-77.78826904296875,,,,,32.27151337096552,1.987349872999971,40.1667698063207,33.546206250000004,OK,,-1.5565771484375,1.767109375,-5.7257080078125,-0.5302980422973633,-3.993115234375,-4.81658203125,3.03,0.0006,2.56,4.76
2026-10-03,2,1201-1800,2026-10-03 06:00,2026-10-02 18:00,12,2026-10-03 02:47,1.0,-0.346435546875,,,,,27.32004910208741,0.8947113160060667,40.72740231617564,32.271884375,OK,,-3.074140625,0.7250341796875001,-3.6760681152343753,-0.8461853027343751,-4.171659851074219,-2.415810546875,-0.48,0.0,0.71,1.68
2026-10-03,3,1801-2400,2026-10-03 12:00,2026-10-03 00:00,12,2026-10-03 10:40,65.0,-47.5985107421875,,,,,38.15960782100768,0.4720224246849511,42.29966801012171,34.682021875000004,OK,,-4.5759716796875,0.4070703506469726,-2.6898922729492187,0.1359228515625,-2.982060241699219,-1.9841549682617188,-2.04,0.0,35.8,1.91
2026-10-04,0,0001-0600,2026-10-03 18:00,2026-10-03 06:00,12,2026-10-03 16:09,32.0,-42.59637451171875,,,,,37.76779667473011,1.5426405104211085,41.99531822558424,37.21763125,OK,,-5.508828125,1.7978564453125,-4.07926025390625,2.2986451148986817,0.464609375,-0.2012010192871093,-2.38,0.0,27.89,1.51
2026-10-04,1,0601-1200,2026-10-04 00:00,2026-10-03 12:00,12,2026-10-03 20:12,8.0,-45.325439453125,,,,,29.67066985648449,1.6003412101010213,41.41958108268244,35.440446875,OK,,-2.98890625,0.8472851657867432,-3.7791650390625,2.63458984375,-2.620537109375,-0.22802001953125,-0.65,0.0,4.19,1.95
2026-10-04,2,1201-1800,2026-10-04 06:00,2026-10-03 18:00,12,2026-10-04 02:52,612.0,0.154052734375,,,,,33.30098105180355,-1.719732402591717,44.4060513836485,37.476440625,OK,,-2.8440283203125,1.5784130859375,-2.59271240234375,0.86048583984375,-2.5023779296875,2.2058154296875,0.03,0.0001,2115.53,0.76
2026-10-04,3,1801-2400,2026-10-04 12:00,2026-10-04 00:00,12,2026-10-04 11:19,992.0,-10.7197265625,,,,,40.99313572632735,-2.156263160789024,45.86447316339365,39.428081250000005,OK,,-2.974923706054688,0.391839599609375,-0.361737060546875,-1.2167449951171876,-3.3604345703125,0.08972412109375,-2.24,0.0,210.7,3.07
2026-10-05,0,0001-0600,2026-10-04 18:00,2026-10-04 06:00,12,2026-10-04 15:24,337.0,-18.4976806640625,,,,,36.78452608031808,-0.2505548624318408,44.46594759861858,38.25691875,OK,,-2.864532470703125,0.9605743408203126,-2.80089111328125,1.743011474609375,-0.44674072265625,-1.20828857421875,-0.79,0.0,1093.7,0.79
2026-10-05,1,0601-1200,2026-10-05 00:00,2026-10-04 12:00,12,2026-10-04 20:26,356.0,-39.06572265625,,,,,39.72048999609791,-0.9422548445937196,45.06824989837554,38.55560625,OK,,-0.7938232421875,-0.8152496337890626,-0.500921630859375,3.3154113769531253,-1.4336608886718751,-2.009344482421875,-2.45,0.0,41.52,4.14
2026-10-05,2,1201-1800,2026-10-05 06:00,2026-10-04 18:00,12,2026-10-05 02:25,936.0,0.005078125,,,,,37.92241546876204,-3.9213239179784978,47.09107286932834,39.761459375,OK,,-0.30235595703125,-0.6653045654296875,0.346624755859375,0.5784790039062501,-0.5882691383361817,-0.4748505115509033,-0.21,0.0,951.14,1.4
2026-10-06,0,0001-0600,2026-10-05 18:00,2026-10-05 06:00,12,2026-10-05 12:41,632.0,-34.71103515625,,,,,39.96207196478173,-2.8766063119674072,46.12502403115343,43.154853125,OK,,1.1708831787109375,-0.9345703125,-3.3832080078125,-0.9228857421875,-0.6505126953125,-2.5475439453125,-1.43,0.0,60.95,4.55
