initialization_time_utc,valid_time_utc,valid_time_ist,forecast_lead_hours,slot_id,ist_date,event_group_key,cell_id,cape,cin,pwat_mm,u850,v850,u200,v200,wind_shear_850_200_ms,t850_k,t700_k,t500_k,rh850_pct,rh700_pct,k_index,totals_totals,gfs_prate_kg_m2_s,gfs_prate_stepType_used,gfs_prate_startStep,gfs_prate_endStep,gfs_prate_note,gfs_precip_3h_interval_mm,gfs_precip_3h_interval_mm_note,source,archive_source,source_file,label_source,label_timestamp,label_definition,label_status,label,missing_features,source_cycle,candidate_event_group_key,candidate_partition,candidate_label,train_holdout_partition
2015-02-28T12:00:00+00:00,2015-02-28T15:00:00+00:00,2015-02-28T20:30:00+05:30,3,3,2015-02-28,IND_13.0_78.0|2015-02-28|3,IND_13.0_78.0,245.0,-31.4,38.0,-4.3500000000000005,6.41,19.1,-8.1,27.58,291.6,281.5,267.1,73.60000000000001,78.9,307.8553,44.2011,0.000126,avg,0,3,"no stepType=instant prate message in this file; using stepType=avg (time-averaged rate over startStep=0 to endStep=3, NOT a literal instantaneous sample -- recorded here, not hidden)",,"not computable from this pilot: no lead-0 tp field available to form a 0-to-3h interval (only leads [3, 6] downloaded)",gfs,NCAR_GDEX_d084001,gfs.0p25.2015022812.f003.grib2,"SIH_PANINDIA_GRID_LABELS_20260930_143541Z\processed\labels\ts_labels.csv (real IMD/METAR station observation, VOBL/43295)",2015-02-28T1801-2400,ANY TS observation within the IST slot window => POSITIVE (1); closed window with >=1 real observation and none showing TS => NEGATIVE_CONFIRMED (0); no row / open window => UNKNOWN,POSITIVE,1,,2015022812,IND_13.0_78.0|2015-02-28|3,train,POSITIVE,train
2015-02-28T12:00:00+00:00,2015-02-28T18:00:00+00:00,2015-02-28T23:30:00+05:30,6,3,2015-02-28,IND_13.0_78.0|2015-02-28|3,IND_13.0_78.0,397.0,-8.0,39.1,-1.73,8.11,18.6,-8.700000000000001,26.38,290.8,281.6,266.8,81.0,76.5,307.611,44.7021,6.300000000000001e-05,avg,0,6,"no stepType=instant prate message in this file; using stepType=avg (time-averaged rate over startStep=0 to endStep=6, NOT a literal instantaneous sample -- recorded here, not hidden)",0.0,,gfs,NCAR_GDEX_d084001,gfs.0p25.2015022812.f006.grib2,"SIH_PANINDIA_GRID_LABELS_20260930_143541Z\processed\labels\ts_labels.csv (real IMD/METAR station observation, VOBL/43295)",2015-02-28T1801-2400,ANY TS observation within the IST slot window => POSITIVE (1); closed window with >=1 real observation and none showing TS => NEGATIVE_CONFIRMED (0); no row / open window => UNKNOWN,POSITIVE,1,,2015022812,IND_13.0_78.0|2015-02-28|3,train,POSITIVE,train
2016-03-13T06:00:00+00:00,2016-03-13T09:00:00+00:00,2016-03-13T14:30:00+05:30,3,2,2016-03-13,IND_13.0_78.0|2016-03-13|2,IND_13.0_78.0,80.0,-8.6,33.2,-0.35,0.45,22.1,1.52,22.48,299.3,283.2,267.7,36.4,78.60000000000001,311.2914,47.1389,0.0,avg,0,3,"no stepType=instant prate message in this file; using stepType=avg (time-averaged rate over startStep=0 to endStep=3, NOT a literal instantaneous sample -- recorded here, not hidden)",,"not computable from this pilot: no lead-0 tp field available to form a 0-to-3h interval (only leads [3, 6] downloaded)",gfs,NCAR_GDEX_d084001,gfs.0p25.2016031306.f003.grib2,"SIH_PANINDIA_GRID_LABELS_20260930_143541Z\processed\labels\ts_labels.csv (real IMD/METAR station observation, VOBL/43295)",2016-03-13T1201-1800,ANY TS observation within the IST slot window => POSITIVE (1); closed window with >=1 real observation and none showing TS => NEGATIVE_CONFIRMED (0); no row / open window => UNKNOWN,POSITIVE,1,,2016031306,IND_13.0_78.0|2016-03-13|2,train,POSITIVE,train
2016-03-13T06:00:00+00:00,2016-03-13T12:00:00+00:00,2016-03-13T17:30:00+05:30,6,2,2016-03-13,IND_13.0_78.0|2016-03-13|2,IND_13.0_78.0,68.0,-46.7,34.1,-0.78,2.53,23.4,2.02,24.19,300.0,283.7,268.1,33.800000000000004,78.0,310.9766,46.5497,0.0,avg,0,6,"no stepType=instant prate message in this file; using stepType=avg (time-averaged rate over startStep=0 to endStep=6, NOT a literal instantaneous sample -- recorded here, not hidden)",0.0,,gfs,NCAR_GDEX_d084001,gfs.0p25.2016031306.f006.grib2,"SIH_PANINDIA_GRID_LABELS_20260930_143541Z\processed\labels\ts_labels.csv (real IMD/METAR station observation, VOBL/43295)",2016-03-13T1201-1800,ANY TS observation within the IST slot window => POSITIVE (1); closed window with >=1 real observation and none showing TS => NEGATIVE_CONFIRMED (0); no row / open window => UNKNOWN,POSITIVE,1,,2016031306,IND_13.0_78.0|2016-03-13|2,train,POSITIVE,train
2017-06-05T06:00:00+00:00,2017-06-05T09:00:00+00:00,2017-06-05T14:30:00+05:30,3,2,2017-06-05,IND_13.0_78.0|2017-06-05|2,IND_13.0_78.0,1148.0,0.0,45.1,4.23,-0.79,-7.800000000000001,-1.61,12.06,297.3,284.8,269.3,61.3,75.3,313.1713,48.0927,0.00024,avg,0,3,"no stepType=instant prate message in this file; using stepType=avg (time-averaged rate over startStep=0 to endStep=3, NOT a literal instantaneous sample -- recorded here, not hidden)",,"not computable from this pilot: no lead-0 tp field available to form a 0-to-3h interval (only leads [3, 6] downloaded)",gfs,NCAR_GDEX_d084001,gfs.0p25.2017060506.f003.grib2,"SIH_PANINDIA_GRID_LABELS_20260930_143541Z\processed\labels\ts_labels.csv (real IMD/METAR station observation, VOBL/43295)",2017-06-05T1201-1800,ANY TS observation within the IST slot window => POSITIVE (1); closed window with >=1 real observation and none showing TS => NEGATIVE_CONFIRMED (0); no row / open window => UNKNOWN,POSITIVE,1,,2017060506,IND_13.0_78.0|2017-06-05|2,train,POSITIVE,train
2017-06-05T06:00:00+00:00,2017-06-05T12:00:00+00:00,2017-06-05T17:30:00+05:30,6,2,2017-06-05,IND_13.0_78.0|2017-06-05|2,IND_13.0_78.0,1075.0,-2.5,45.6,3.5,0.01,-4.6000000000000005,-3.46,8.81,297.7,284.1,269.5,59.1,88.0,315.4867,47.8959,0.000154,avg,0,6,"no stepType=instant prate message in this file; using stepType=avg (time-averaged rate over startStep=0 to endStep=6, NOT a literal instantaneous sample -- recorded here, not hidden)",0.71,,gfs,NCAR_GDEX_d084001,gfs.0p25.2017060506.f006.grib2,"SIH_PANINDIA_GRID_LABELS_20260930_143541Z\processed\labels\ts_labels.csv (real IMD/METAR station observation, VOBL/43295)",2017-06-05T1201-1800,ANY TS observation within the IST slot window => POSITIVE (1); closed window with >=1 real observation and none showing TS => NEGATIVE_CONFIRMED (0); no row / open window => UNKNOWN,POSITIVE,1,,2017060506,IND_13.0_78.0|2017-06-05|2,train,POSITIVE,train
2018-02-09T12:00:00+00:00,2018-02-09T15:00:00+00:00,2018-02-09T20:30:00+05:30,3,3,2018-02-09,IND_13.0_78.0|2018-02-09|3,IND_13.0_78.0,188.0,-19.510058593750003,34.425119090080265,-6.2704443359375,2.14980712890625,34.700018310546874,4.7125732421875,41.05,293.33920898437503,280.25571289062503,265.43603515625,58.1,96.5,312.231,47.3138,0.0,avg,0,3,"no stepType=instant prate message in this file; using stepType=avg (time-averaged rate over startStep=0 to endStep=3, NOT a literal instantaneous sample -- recorded here, not hidden)",,"not computable from this pilot: no lead-0 tp field available to form a 0-to-3h interval (only leads [3, 6] downloaded)",gfs,NCAR_GDEX_d084001,gfs.0p25.2018020912.f003.grib2,"SIH_PANINDIA_GRID_LABELS_20260930_143541Z\processed\labels\ts_labels.csv (real IMD/METAR station observation, VOBL/43295)",2018-02-09T1801-2400,ANY TS observation within the IST slot window => POSITIVE (1); closed window with >=1 real observation and none showing TS => NEGATIVE_CONFIRMED (0); no row / open window => UNKNOWN,POSITIVE,1,,2018020912,IND_13.0_78.0|2018-02-09|3,train,POSITIVE,train
2018-02-09T12:00:00+00:00,2018-02-09T18:00:00+00:00,2018-02-09T23:30:00+05:30,6,3,2018-02-09,IND_13.0_78.0|2018-02-09|3,IND_13.0_78.0,313.0,-51.41680908203125,35.11507568359375,-6.93962646484375,3.10916015625,37.6000244140625,2.499755859375,44.54,292.013623046875,280.90000000000003,264.23603515625,65.8,85.30000000000001,310.9505,49.0258,0.0,avg,0,6,"no stepType=instant prate message in this file; using stepType=avg (time-averaged rate over startStep=0 to endStep=6, NOT a literal instantaneous sample -- recorded here, not hidden)",0.0,,gfs,NCAR_GDEX_d084001,gfs.0p25.2018020912.f006.grib2,"SIH_PANINDIA_GRID_LABELS_20260930_143541Z\processed\labels\ts_labels.csv (real IMD/METAR station observation, VOBL/43295)",2018-02-09T1801-2400,ANY TS observation within the IST slot window => POSITIVE (1); closed window with >=1 real observation and none showing TS => NEGATIVE_CONFIRMED (0); no row / open window => UNKNOWN,POSITIVE,1,,2018020912,IND_13.0_78.0|2018-02-09|3,train,POSITIVE,train
2019-10-02T06:00:00+00:00,2019-10-02T09:00:00+00:00,2019-10-02T14:30:00+05:30,3,2,2019-10-02,IND_13.0_78.0|2019-10-02|2,IND_13.0_78.0,1563.0,-1.3038330078125,35.39999971389771,-2.03017578125,-1.0006256103515625,-15.801232910156251,4.34788818359375,14.77,294.50803222656253,284.008056640625,267.69870605468753,74.2,61.900000000000006,309.5264,48.8412,0.0,instant,3,3,,,"not computable from this pilot: no lead-0 tp field available to form a 0-to-3h interval (only leads [3, 6] downloaded)",gfs,NCAR_GDEX_d084001,gfs.0p25.2019100206.f003.grib2,"SIH_PANINDIA_GRID_LABELS_20260930_143541Z\processed\labels\ts_labels.csv (real IMD/METAR station observation, VOBL/43295)",2019-10-02T1201-1800,ANY TS observation within the IST slot window => POSITIVE (1); closed window with >=1 real observation and none showing TS => NEGATIVE_CONFIRMED (0); no row / open window => UNKNOWN,POSITIVE,1,,2019100206,IND_13.0_78.0|2019-10-02|2,train,POSITIVE,train
2019-10-02T06:00:00+00:00,2019-10-02T12:00:00+00:00,2019-10-02T17:30:00+05:30,6,2,2019-10-02,IND_13.0_78.0|2019-10-02|2,IND_13.0_78.0,2008.0,-2.267822265625,35.199999713897704,-3.82261962890625,-1.3115625,-14.6017578125,4.6683837890625,12.33,294.3125732421875,284.3,268.138916015625,74.3,59.6,308.1692,47.598,0.0001,instant,6,6,,1.0,,gfs,NCAR_GDEX_d084001,gfs.0p25.2019100206.f006.grib2,"SIH_PANINDIA_GRID_LABELS_20260930_143541Z\processed\labels\ts_labels.csv (real IMD/METAR station observation, VOBL/43295)",2019-10-02T1201-1800,ANY TS observation within the IST slot window => POSITIVE (1); closed window with >=1 real observation and none showing TS => NEGATIVE_CONFIRMED (0); no row / open window => UNKNOWN,POSITIVE,1,,2019100206,IND_13.0_78.0|2019-10-02|2,train,POSITIVE,train
2020-03-20T06:00:00+00:00,2020-03-20T09:00:00+00:00,2020-03-20T14:30:00+05:30,3,2,2020-03-20,IND_13.0_78.0|2020-03-20|2,IND_13.0_78.0,248.0,-4.246923828125,31.79999999403954,1.78530517578125,2.44588134765625,22.66669921875,-7.625421142578125,23.18,297.1999755859375,281.40000000000003,265.8999755859375,44.0,96.8,315.0266,49.6048,0.0,instant,3,3,,,"not computable from this pilot: no lead-0 tp field available to form a 0-to-3h interval (only leads [3, 6] downloaded)",gfs,NCAR_GDEX_d084001,gfs.0p25.2020032006.f003.grib2,"SIH_PANINDIA_GRID_LABELS_20260930_143541Z\processed\labels\ts_labels.csv (real IMD/METAR station observation, VOBL/43295)",2020-03-20T1201-1800,ANY TS observation within the IST slot window => POSITIVE (1); closed window with >=1 real observation and none showing TS => NEGATIVE_CONFIRMED (0); no row / open window => UNKNOWN,POSITIVE,1,,2020032006,IND_13.0_78.0|2020-03-20|2,train,POSITIVE,train
2020-03-20T06:00:00+00:00,2020-03-20T12:00:00+00:00,2020-03-20T17:30:00+05:30,6,2,2020-03-20,IND_13.0_78.0|2020-03-20|2,IND_13.0_78.0,381.0,-46.488378906250006,30.899999994039536,-1.016806640625,1.8212744140625,21.516116333007812,-5.7590576171875005,23.77,296.49997558593753,282.1,266.8,48.5,86.30000000000001,312.5749,47.9386,0.0,instant,6,6,,0.6875,,gfs,NCAR_GDEX_d084001,gfs.0p25.2020032006.f006.grib2,"SIH_PANINDIA_GRID_LABELS_20260930_143541Z\processed\labels\ts_labels.csv (real IMD/METAR station observation, VOBL/43295)",2020-03-20T1201-1800,ANY TS observation within the IST slot window => POSITIVE (1); closed window with >=1 real observation and none showing TS => NEGATIVE_CONFIRMED (0); no row / open window => UNKNOWN,POSITIVE,1,,2020032006,IND_13.0_78.0|2020-03-20|2,train,POSITIVE,train
2021-02-19T06:00:00+00:00,2021-02-19T09:00:00+00:00,2021-02-19T14:30:00+05:30,3,2,2021-02-19,IND_13.0_78.0|2021-02-19|2,IND_13.0_78.0,17.0,-67.207275390625,21.19999998807907,-2.79817138671875,2.77464111328125,6.467376708984375,-4.56251220703125,11.82,293.92255859375,279.2805908203125,262.3999755859375,39.7,79.60000000000001,307.9938,48.855,0.0,instant,3,3,,,"not computable from this pilot: no lead-0 tp field available to form a 0-to-3h interval (only leads [3, 6] downloaded)",gfs,NCAR_GDEX_d084001,gfs.0p25.2021021906.f003.grib2,"SIH_PANINDIA_GRID_LABELS_20260930_143541Z\processed\labels\ts_labels.csv (real IMD/METAR station observation, VOBL/43295)",2021-02-19T1201-1800,ANY TS observation within the IST slot window => POSITIVE (1); closed window with >=1 real observation and none showing TS => NEGATIVE_CONFIRMED (0); no row / open window => UNKNOWN,POSITIVE,1,,2021021906,IND_13.0_78.0|2021-02-19|2,train,POSITIVE,train
2021-02-19T06:00:00+00:00,2021-02-19T12:00:00+00:00,2021-02-19T17:30:00+05:30,6,2,2021-02-19,IND_13.0_78.0|2021-02-19|2,IND_13.0_78.0,228.0,-3.20751953125,25.27555401325226,-5.427861328125,4.51893798828125,5.705813598632813,-3.89754638671875,13.96,293.90000000000003,279.25048828125,264.1095703125,49.6,83.2,310.1457,48.6712,0.0,instant,6,6,,0.0,,gfs,NCAR_GDEX_d084001,gfs.0p25.2021021906.f006.grib2,"SIH_PANINDIA_GRID_LABELS_20260930_143541Z\processed\labels\ts_labels.csv (real IMD/METAR station observation, VOBL/43295)",2021-02-19T1201-1800,ANY TS observation within the IST slot window => POSITIVE (1); closed window with >=1 real observation and none showing TS => NEGATIVE_CONFIRMED (0); no row / open window => UNKNOWN,POSITIVE,1,,2021021906,IND_13.0_78.0|2021-02-19|2,train,POSITIVE,train
2022-03-20T06:00:00+00:00,2022-03-20T09:00:00+00:00,2022-03-20T14:30:00+05:30,3,2,2022-03-20,IND_13.0_78.0|2022-03-20|2,IND_13.0_78.0,129.0,-2.4615478515625,31.60602438964844,4.59596435546875,0.642431640625,-8.202896118164062,1.3198486328125,12.82,297.48041015625,281.77609375000003,267.2407421875,39.3,86.2,310.83,45.7642,0.0,instant,3,3,,,"not computable from this pilot: no lead-0 tp field available to form a 0-to-3h interval (only leads [3, 6] downloaded)",gfs,NCAR_GDEX_d084001,gfs.0p25.2022032006.f003.grib2,"SIH_PANINDIA_GRID_LABELS_20260930_143541Z\processed\labels\ts_labels.csv (real IMD/METAR station observation, VOBL/43295)",2022-03-20T1201-1800,ANY TS observation within the IST slot window => POSITIVE (1); closed window with >=1 real observation and none showing TS => NEGATIVE_CONFIRMED (0); no row / open window => UNKNOWN,POSITIVE,1,,2022032006,IND_13.0_78.0|2022-03-20|2,train,POSITIVE,train
2022-03-20T06:00:00+00:00,2022-03-20T12:00:00+00:00,2022-03-20T17:30:00+05:30,6,2,2022-03-20,IND_13.0_78.0|2022-03-20|2,IND_13.0_78.0,47.0,-51.01025390625,31.331941918945315,2.42490966796875,-5.6566064453125,-7.790447998046876,0.71551513671875,12.04,296.5969140625,281.91333984375,267.33064453125,41.5,84.5,309.5843,44.7202,0.0,instant,6,6,,0.0,,gfs,NCAR_GDEX_d084001,gfs.0p25.2022032006.f006.grib2,"SIH_PANINDIA_GRID_LABELS_20260930_143541Z\processed\labels\ts_labels.csv (real IMD/METAR station observation, VOBL/43295)",2022-03-20T1201-1800,ANY TS observation within the IST slot window => POSITIVE (1); closed window with >=1 real observation and none showing TS => NEGATIVE_CONFIRMED (0); no row / open window => UNKNOWN,POSITIVE,1,,2022032006,IND_13.0_78.0|2022-03-20|2,train,POSITIVE,train
2023-03-16T12:00:00+00:00,2023-03-16T15:00:00+00:00,2023-03-16T20:30:00+05:30,3,3,2023-03-16,IND_13.0_78.0|2023-03-16|3,IND_13.0_78.0,252.0,-86.5985107421875,33.785823413085936,-6.27309326171875,8.29246337890625,25.81254638671875,-3.3252001953125,34.12,292.83652343750003,281.54843750000003,266.912734375,66.7,75.4,308.3021,45.4858,0.0,instant,3,3,,,"not computable from this pilot: no lead-0 tp field available to form a 0-to-3h interval (only leads [3, 6] downloaded)",gfs,NCAR_GDEX_d084001,gfs.0p25.2023031612.f003.grib2,"SIH_PANINDIA_GRID_LABELS_20260930_143541Z\processed\labels\ts_labels.csv (real IMD/METAR station observation, VOBL/43295)",2023-03-16T1801-2400,ANY TS observation within the IST slot window => POSITIVE (1); closed window with >=1 real observation and none showing TS => NEGATIVE_CONFIRMED (0); no row / open window => UNKNOWN,POSITIVE,1,,2023031612,IND_13.0_78.0|2023-03-16|3,train,POSITIVE,train
2023-03-16T12:00:00+00:00,2023-03-16T18:00:00+00:00,2023-03-16T23:30:00+05:30,6,3,2023-03-16,IND_13.0_78.0|2023-03-16|3,IND_13.0_78.0,253.0,-131.4425048828125,34.01231149902344,-3.056865234375,9.95965087890625,28.6184228515625,-9.7806103515625,37.32,292.3933203125,281.453671875,265.986171875,66.2,80.30000000000001,309.1527,46.3587,0.0,instant,6,6,,0.0625,,gfs,NCAR_GDEX_d084001,gfs.0p25.2023031612.f006.grib2,"SIH_PANINDIA_GRID_LABELS_20260930_143541Z\processed\labels\ts_labels.csv (real IMD/METAR station observation, VOBL/43295)",2023-03-16T1801-2400,ANY TS observation within the IST slot window => POSITIVE (1); closed window with >=1 real observation and none showing TS => NEGATIVE_CONFIRMED (0); no row / open window => UNKNOWN,POSITIVE,1,,2023031612,IND_13.0_78.0|2023-03-16|3,train,POSITIVE,train
2017-04-01T12:00:00+00:00,2017-04-01T15:00:00+00:00,2017-04-01T20:30:00+05:30,3,3,2017-04-01,IND_13.0_78.0|2017-04-01|3,IND_13.0_78.0,0.0,0.0,19.5,-7.74,5.28,7.2,0.5,15.69,298.0,283.8,268.3,29.3,47.6,297.9396,40.3156,0.0,avg,0,3,"no stepType=instant prate message in this file; using stepType=avg (time-averaged rate over startStep=0 to endStep=3, NOT a literal instantaneous sample -- recorded here, not hidden)",,"not computable from this pilot: no lead-0 tp field available to form a 0-to-3h interval (only leads [3, 6] downloaded)",gfs,NCAR_GDEX_d084001,gfs.0p25.2017040112.f003.grib2,"SIH_PANINDIA_GRID_LABELS_20260930_143541Z\processed\labels\ts_labels.csv (real IMD/METAR station observation, VOBL/43295)",2017-04-01T1801-2400,ANY TS observation within the IST slot window => POSITIVE (1); closed window with >=1 real observation and none showing TS => NEGATIVE_CONFIRMED (0); no row / open window => UNKNOWN,NEGATIVE_CONFIRMED,0,,2017040112,IND_13.0_78.0|2017-04-01|3,train,NEGATIVE_CONFIRMED,train
2017-04-01T12:00:00+00:00,2017-04-01T18:00:00+00:00,2017-04-01T23:30:00+05:30,6,3,2017-04-01,IND_13.0_78.0|2017-04-01|3,IND_13.0_78.0,0.0,0.0,19.5,-6.24,5.07,7.7,-0.1,14.87,296.90000000000003,283.6,268.1,33.2,43.3,296.6149,40.47,0.0,avg,0,6,"no stepType=instant prate message in this file; using stepType=avg (time-averaged rate over startStep=0 to endStep=6, NOT a literal instantaneous sample -- recorded here, not hidden)",0.0,,gfs,NCAR_GDEX_d084001,gfs.0p25.2017040112.f006.grib2,"SIH_PANINDIA_GRID_LABELS_20260930_143541Z\processed\labels\ts_labels.csv (real IMD/METAR station observation, VOBL/43295)",2017-04-01T1801-2400,ANY TS observation within the IST slot window => POSITIVE (1); closed window with >=1 real observation and none showing TS => NEGATIVE_CONFIRMED (0); no row / open window => UNKNOWN,NEGATIVE_CONFIRMED,0,,2017040112,IND_13.0_78.0|2017-04-01|3,train,NEGATIVE_CONFIRMED,train
2018-07-17T06:00:00+00:00,2018-07-17T09:00:00+00:00,2018-07-17T14:30:00+05:30,3,2,2018-07-17,IND_13.0_78.0|2018-07-17|2,IND_13.0_78.0,220.0,-42.288818359375,44.39999999403954,16.64412109375,-1.828427734375,-27.56656188964844,3.2290466308593757,44.5,294.30808105468753,284.0080810546875,268.5999755859375,70.10000000000001,81.10000000000001,311.2452,45.7567,3.0000000000000005e-06,avg,0,3,"no stepType=instant prate message in this file; using stepType=avg (time-averaged rate over startStep=0 to endStep=3, NOT a literal instantaneous sample -- recorded here, not hidden)",,"not computable from this pilot: no lead-0 tp field available to form a 0-to-3h interval (only leads [3, 6] downloaded)",gfs,NCAR_GDEX_d084001,gfs.0p25.2018071706.f003.grib2,"SIH_PANINDIA_GRID_LABELS_20260930_143541Z\processed\labels\ts_labels.csv (real IMD/METAR station observation, VOBL/43295)",2018-07-17T1201-1800,ANY TS observation within the IST slot window => POSITIVE (1); closed window with >=1 real observation and none showing TS => NEGATIVE_CONFIRMED (0); no row / open window => UNKNOWN,NEGATIVE_CONFIRMED,0,,2018071706,IND_13.0_78.0|2018-07-17|2,train,NEGATIVE_CONFIRMED,train
2018-07-17T06:00:00+00:00,2018-07-17T12:00:00+00:00,2018-07-17T17:30:00+05:30,6,2,2018-07-17,IND_13.0_78.0|2018-07-17|2,IND_13.0_78.0,117.0,-91.3017578125,44.49999999403954,17.09267578125,-1.859208984375,-26.273681640625,-0.6880981445312501,43.38,293.808056640625,283.6080810546875,268.5999755859375,72.60000000000001,85.2,311.5448,45.3232,2.0000000000000003e-06,avg,0,6,"no stepType=instant prate message in this file; using stepType=avg (time-averaged rate over startStep=0 to endStep=6, NOT a literal instantaneous sample -- recorded here, not hidden)",0.0625,,gfs,NCAR_GDEX_d084001,gfs.0p25.2018071706.f006.grib2,"SIH_PANINDIA_GRID_LABELS_20260930_143541Z\processed\labels\ts_labels.csv (real IMD/METAR station observation, VOBL/43295)",2018-07-17T1201-1800,ANY TS observation within the IST slot window => POSITIVE (1); closed window with >=1 real observation and none showing TS => NEGATIVE_CONFIRMED (0); no row / open window => UNKNOWN,NEGATIVE_CONFIRMED,0,,2018071706,IND_13.0_78.0|2018-07-17|2,train,NEGATIVE_CONFIRMED,train
2021-09-30T18:00:00+00:00,2021-09-30T21:00:00+00:00,2021-10-01T02:30:00+05:30,3,0,2021-10-01,IND_13.0_78.0|2021-10-01|0,IND_13.0_78.0,182.0,-30.552490234375,42.03504068908692,0.076666259765625,-2.864447021484376,-15.468603515625,2.128265380859375,16.33,293.31388671875,282.23162109375,268.94113281250003,70.7,95.0,311.4428,43.2599,3.680000000000001e-05,instant,3,3,,,"not computable from this pilot: no lead-0 tp field available to form a 0-to-3h interval (only leads [3, 6] downloaded)",gfs,NCAR_GDEX_d084001,gfs.0p25.2021093018.f003.grib2,"SIH_PANINDIA_GRID_LABELS_20260930_143541Z\processed\labels\ts_labels.csv (real IMD/METAR station observation, VOBL/43295)",2021-10-01T0001-0600,ANY TS observation within the IST slot window => POSITIVE (1); closed window with >=1 real observation and none showing TS => NEGATIVE_CONFIRMED (0); no row / open window => UNKNOWN,NEGATIVE_CONFIRMED,0,,2021093018,IND_13.0_78.0|2021-10-01|0,train,NEGATIVE_CONFIRMED,train
2021-09-30T18:00:00+00:00,2021-10-01T00:00:00+00:00,2021-10-01T05:30:00+05:30,6,0,2021-10-01,IND_13.0_78.0|2021-10-01|0,IND_13.0_78.0,37.0,-35.8809814453125,40.04288159790039,0.05301513671875,-4.34754638671875,-16.6946533203125,1.19315185546875,17.64,292.406640625,282.72869140625,268.5834765625,75.8,87.60000000000001,309.9024,43.2744,0.0,instant,6,6,,0.0625,,gfs,NCAR_GDEX_d084001,gfs.0p25.2021093018.f006.grib2,"SIH_PANINDIA_GRID_LABELS_20260930_143541Z\processed\labels\ts_labels.csv (real IMD/METAR station observation, VOBL/43295)",2021-10-01T0001-0600,ANY TS observation within the IST slot window => POSITIVE (1); closed window with >=1 real observation and none showing TS => NEGATIVE_CONFIRMED (0); no row / open window => UNKNOWN,NEGATIVE_CONFIRMED,0,,2021093018,IND_13.0_78.0|2021-10-01|0,train,NEGATIVE_CONFIRMED,train
2023-11-01T00:00:00+00:00,2023-11-01T03:00:00+00:00,2023-11-01T08:30:00+05:30,3,1,2023-11-01,IND_13.0_78.0|2023-11-01|1,IND_13.0_78.0,457.0,-1.4517578125,41.21706628417969,-5.6546044921875005,-0.837041015625,8.798602294921876,3.838677978515625,15.19,290.85544921875,283.851796875,267.2763671875,82.5,67.7,305.6929,44.1429,2.4000000000000007e-06,instant,3,3,,,"not computable from this pilot: no lead-0 tp field available to form a 0-to-3h interval (only leads [3, 6] downloaded)",gfs,NCAR_GDEX_d084001,gfs.0p25.2023110100.f003.grib2,"SIH_PANINDIA_GRID_LABELS_20260930_143541Z\processed\labels\ts_labels.csv (real IMD/METAR station observation, VOBL/43295)",2023-11-01T0601-1200,ANY TS observation within the IST slot window => POSITIVE (1); closed window with >=1 real observation and none showing TS => NEGATIVE_CONFIRMED (0); no row / open window => UNKNOWN,NEGATIVE_CONFIRMED,0,,2023110100,IND_13.0_78.0|2023-11-01|1,train,NEGATIVE_CONFIRMED,train
2023-11-01T00:00:00+00:00,2023-11-01T06:00:00+00:00,2023-11-01T11:30:00+05:30,6,1,2023-11-01,IND_13.0_78.0|2023-11-01|1,IND_13.0_78.0,453.0,-0.2560546875,41.44674870605469,-4.45583984375,-1.76333251953125,5.98253173828125,4.637173461914062,12.24,291.29419921875,283.63548828125,267.5819140625,87.4,70.7,307.787,45.2992,4.000000000000001e-07,instant,6,6,,0.0,,gfs,NCAR_GDEX_d084001,gfs.0p25.2023110100.f006.grib2,"SIH_PANINDIA_GRID_LABELS_20260930_143541Z\processed\labels\ts_labels.csv (real IMD/METAR station observation, VOBL/43295)",2023-11-01T0601-1200,ANY TS observation within the IST slot window => POSITIVE (1); closed window with >=1 real observation and none showing TS => NEGATIVE_CONFIRMED (0); no row / open window => UNKNOWN,NEGATIVE_CONFIRMED,0,,2023110100,IND_13.0_78.0|2023-11-01|1,train,NEGATIVE_CONFIRMED,train
2021-02-20T06:00:00+00:00,2021-02-20T09:00:00+00:00,2021-02-20T14:30:00+05:30,3,2,2021-02-20,IND_13.0_78.0|2021-02-20|2,IND_13.0_78.0,323.0,-0.60595703125,30.700000000000003,-4.9005126953125,0.478916015625,2.3429779052734374,-6.3109619140625,9.93,290.397265625,280.5548828125,264.60107421875,79.5,78.4,309.1074,48.017,0.0003,instant,3,3,,,"not computable from this pilot: no lead-0 tp field available to form a 0-to-3h interval (only leads [3, 6] downloaded)",gfs,NCAR_GDEX_d084001,gfs.0p25.2021022006.f003.grib2,"SIH_PANINDIA_GRID_LABELS_20260930_143541Z\processed\labels\ts_labels.csv (real IMD/METAR station observation, VOBL/43295)",2021-02-20T1201-1800,ANY TS observation within the IST slot window => POSITIVE (1); closed window with >=1 real observation and none showing TS => NEGATIVE_CONFIRMED (0); no row / open window => UNKNOWN,POSITIVE,1,,2021022006,IND_13.0_78.0|2021-02-20|2,train,POSITIVE,train
2021-02-20T06:00:00+00:00,2021-02-20T12:00:00+00:00,2021-02-20T17:30:00+05:30,6,2,2021-02-20,IND_13.0_78.0|2021-02-20|2,IND_13.0_78.0,380.0,-0.8427734375,29.8,-4.4643896484375,0.193525390625,0.3279541015625,-5.67926025390625,7.58,290.6740966796875,280.956201171875,264.675732421875,80.0,63.5,306.6927,48.5104,0.0004,instant,6,6,,1.125,,gfs,NCAR_GDEX_d084001,gfs.0p25.2021022006.f006.grib2,"SIH_PANINDIA_GRID_LABELS_20260930_143541Z\processed\labels\ts_labels.csv (real IMD/METAR station observation, VOBL/43295)",2021-02-20T1201-1800,ANY TS observation within the IST slot window => POSITIVE (1); closed window with >=1 real observation and none showing TS => NEGATIVE_CONFIRMED (0); no row / open window => UNKNOWN,POSITIVE,1,,2021022006,IND_13.0_78.0|2021-02-20|2,train,POSITIVE,train
