priority,target_ist_date,target_slot,label,event_group_key,target_valid_time,selected_gfs_cycle,selected_lead,reason,partition,season,expected_file,expected_role
1,2015-02-28,3,POSITIVE,IND_13.0_78.0|2015-02-28|3,2015-02-28T20:30:00+05:30,2015022812,f003,fill TRAIN year coverage: no acquired POSITIVE event group exists for 2015 yet (or only one season was represented); picked a winter date to diversify season coverage,train,winter,gfs.0p25.2015022812.f003.grib2,lead_hour_3
1,2015-02-28,3,POSITIVE,IND_13.0_78.0|2015-02-28|3,2015-02-28T23:30:00+05:30,2015022812,f006,fill TRAIN year coverage: no acquired POSITIVE event group exists for 2015 yet (or only one season was represented); picked a winter date to diversify season coverage,train,winter,gfs.0p25.2015022812.f006.grib2,lead_hour_6
2,2016-03-13,2,POSITIVE,IND_13.0_78.0|2016-03-13|2,2016-03-13T14:30:00+05:30,2016031306,f003,fill TRAIN year coverage: no acquired POSITIVE event group exists for 2016 yet (or only one season was represented); picked a pre-monsoon date to diversify season coverage,train,pre-monsoon,gfs.0p25.2016031306.f003.grib2,lead_hour_3
2,2016-03-13,2,POSITIVE,IND_13.0_78.0|2016-03-13|2,2016-03-13T17:30:00+05:30,2016031306,f006,fill TRAIN year coverage: no acquired POSITIVE event group exists for 2016 yet (or only one season was represented); picked a pre-monsoon date to diversify season coverage,train,pre-monsoon,gfs.0p25.2016031306.f006.grib2,lead_hour_6
3,2017-06-05,2,POSITIVE,IND_13.0_78.0|2017-06-05|2,2017-06-05T14:30:00+05:30,2017060506,f003,fill TRAIN year coverage: no acquired POSITIVE event group exists for 2017 yet (or only one season was represented); picked a monsoon date to diversify season coverage,train,monsoon,gfs.0p25.2017060506.f003.grib2,lead_hour_3
3,2017-06-05,2,POSITIVE,IND_13.0_78.0|2017-06-05|2,2017-06-05T17:30:00+05:30,2017060506,f006,fill TRAIN year coverage: no acquired POSITIVE event group exists for 2017 yet (or only one season was represented); picked a monsoon date to diversify season coverage,train,monsoon,gfs.0p25.2017060506.f006.grib2,lead_hour_6
4,2018-02-09,3,POSITIVE,IND_13.0_78.0|2018-02-09|3,2018-02-09T20:30:00+05:30,2018020912,f003,fill TRAIN year coverage: no acquired POSITIVE event group exists for 2018 yet (or only one season was represented); picked a winter date to diversify season coverage,train,winter,gfs.0p25.2018020912.f003.grib2,lead_hour_3
4,2018-02-09,3,POSITIVE,IND_13.0_78.0|2018-02-09|3,2018-02-09T23:30:00+05:30,2018020912,f006,fill TRAIN year coverage: no acquired POSITIVE event group exists for 2018 yet (or only one season was represented); picked a winter date to diversify season coverage,train,winter,gfs.0p25.2018020912.f006.grib2,lead_hour_6
5,2019-10-02,2,POSITIVE,IND_13.0_78.0|2019-10-02|2,2019-10-02T14:30:00+05:30,2019100206,f003,fill TRAIN year coverage: no acquired POSITIVE event group exists for 2019 yet (or only one season was represented); picked a post-monsoon date to diversify season coverage,train,post-monsoon,gfs.0p25.2019100206.f003.grib2,lead_hour_3
5,2019-10-02,2,POSITIVE,IND_13.0_78.0|2019-10-02|2,2019-10-02T17:30:00+05:30,2019100206,f006,fill TRAIN year coverage: no acquired POSITIVE event group exists for 2019 yet (or only one season was represented); picked a post-monsoon date to diversify season coverage,train,post-monsoon,gfs.0p25.2019100206.f006.grib2,lead_hour_6
6,2020-03-20,2,POSITIVE,IND_13.0_78.0|2020-03-20|2,2020-03-20T14:30:00+05:30,2020032006,f003,fill TRAIN year coverage: no acquired POSITIVE event group exists for 2020 yet (or only one season was represented); picked a pre-monsoon date to diversify season coverage,train,pre-monsoon,gfs.0p25.2020032006.f003.grib2,lead_hour_3
6,2020-03-20,2,POSITIVE,IND_13.0_78.0|2020-03-20|2,2020-03-20T17:30:00+05:30,2020032006,f006,fill TRAIN year coverage: no acquired POSITIVE event group exists for 2020 yet (or only one season was represented); picked a pre-monsoon date to diversify season coverage,train,pre-monsoon,gfs.0p25.2020032006.f006.grib2,lead_hour_6
7,2021-02-19,2,POSITIVE,IND_13.0_78.0|2021-02-19|2,2021-02-19T14:30:00+05:30,2021021906,f003,fill TRAIN year coverage: no acquired POSITIVE event group exists for 2021 yet (or only one season was represented); picked a winter date to diversify season coverage,train,winter,gfs.0p25.2021021906.f003.grib2,lead_hour_3
7,2021-02-19,2,POSITIVE,IND_13.0_78.0|2021-02-19|2,2021-02-19T17:30:00+05:30,2021021906,f006,fill TRAIN year coverage: no acquired POSITIVE event group exists for 2021 yet (or only one season was represented); picked a winter date to diversify season coverage,train,winter,gfs.0p25.2021021906.f006.grib2,lead_hour_6
8,2022-03-20,2,POSITIVE,IND_13.0_78.0|2022-03-20|2,2022-03-20T14:30:00+05:30,2022032006,f003,fill TRAIN year coverage: no acquired POSITIVE event group exists for 2022 yet (or only one season was represented); picked a pre-monsoon date to diversify season coverage,train,pre-monsoon,gfs.0p25.2022032006.f003.grib2,lead_hour_3
8,2022-03-20,2,POSITIVE,IND_13.0_78.0|2022-03-20|2,2022-03-20T17:30:00+05:30,2022032006,f006,fill TRAIN year coverage: no acquired POSITIVE event group exists for 2022 yet (or only one season was represented); picked a pre-monsoon date to diversify season coverage,train,pre-monsoon,gfs.0p25.2022032006.f006.grib2,lead_hour_6
9,2023-03-16,3,POSITIVE,IND_13.0_78.0|2023-03-16|3,2023-03-16T20:30:00+05:30,2023031612,f003,fill TRAIN year coverage: no acquired POSITIVE event group exists for 2023 yet (or only one season was represented); picked a pre-monsoon date to diversify season coverage,train,pre-monsoon,gfs.0p25.2023031612.f003.grib2,lead_hour_3
9,2023-03-16,3,POSITIVE,IND_13.0_78.0|2023-03-16|3,2023-03-16T23:30:00+05:30,2023031612,f006,fill TRAIN year coverage: no acquired POSITIVE event group exists for 2023 yet (or only one season was represented); picked a pre-monsoon date to diversify season coverage,train,pre-monsoon,gfs.0p25.2023031612.f006.grib2,lead_hour_6
10,2017-04-01,3,NEGATIVE_CONFIRMED,IND_13.0_78.0|2017-04-01|3,2017-04-01T20:30:00+05:30,2017040112,f003,"fill TRAIN year coverage: no acquired NEGATIVE_CONFIRMED event group exists for 2017 yet; Phase 0.4.18 fix (Issue A) -- picked a pre-monsoon date (month>=4) instead of the earliest-in-year date, to avoid the Phase 0.4.17 Jan-1-every-year clustering artifact",train,pre-monsoon,gfs.0p25.2017040112.f003.grib2,lead_hour_3
10,2017-04-01,3,NEGATIVE_CONFIRMED,IND_13.0_78.0|2017-04-01|3,2017-04-01T23:30:00+05:30,2017040112,f006,"fill TRAIN year coverage: no acquired NEGATIVE_CONFIRMED event group exists for 2017 yet; Phase 0.4.18 fix (Issue A) -- picked a pre-monsoon date (month>=4) instead of the earliest-in-year date, to avoid the Phase 0.4.17 Jan-1-every-year clustering artifact",train,pre-monsoon,gfs.0p25.2017040112.f006.grib2,lead_hour_6
11,2018-07-17,2,NEGATIVE_CONFIRMED,IND_13.0_78.0|2018-07-17|2,2018-07-17T14:30:00+05:30,2018071706,f003,"fill TRAIN year coverage: no acquired NEGATIVE_CONFIRMED event group exists for 2018 yet; Phase 0.4.18 fix (Issue A) -- picked a monsoon date (month>=7) instead of the earliest-in-year date, to avoid the Phase 0.4.17 Jan-1-every-year clustering artifact",train,monsoon,gfs.0p25.2018071706.f003.grib2,lead_hour_3
11,2018-07-17,2,NEGATIVE_CONFIRMED,IND_13.0_78.0|2018-07-17|2,2018-07-17T17:30:00+05:30,2018071706,f006,"fill TRAIN year coverage: no acquired NEGATIVE_CONFIRMED event group exists for 2018 yet; Phase 0.4.18 fix (Issue A) -- picked a monsoon date (month>=7) instead of the earliest-in-year date, to avoid the Phase 0.4.17 Jan-1-every-year clustering artifact",train,monsoon,gfs.0p25.2018071706.f006.grib2,lead_hour_6
12,2021-10-01,0,NEGATIVE_CONFIRMED,IND_13.0_78.0|2021-10-01|0,2021-10-01T02:30:00+05:30,2021093018,f003,"fill TRAIN year coverage: no acquired NEGATIVE_CONFIRMED event group exists for 2021 yet; Phase 0.4.18 fix (Issue A) -- picked a post-monsoon date (month>=10) instead of the earliest-in-year date, to avoid the Phase 0.4.17 Jan-1-every-year clustering artifact",train,post-monsoon,gfs.0p25.2021093018.f003.grib2,lead_hour_3
12,2021-10-01,0,NEGATIVE_CONFIRMED,IND_13.0_78.0|2021-10-01|0,2021-10-01T05:30:00+05:30,2021093018,f006,"fill TRAIN year coverage: no acquired NEGATIVE_CONFIRMED event group exists for 2021 yet; Phase 0.4.18 fix (Issue A) -- picked a post-monsoon date (month>=10) instead of the earliest-in-year date, to avoid the Phase 0.4.17 Jan-1-every-year clustering artifact",train,post-monsoon,gfs.0p25.2021093018.f006.grib2,lead_hour_6
13,2023-11-01,1,NEGATIVE_CONFIRMED,IND_13.0_78.0|2023-11-01|1,2023-11-01T08:30:00+05:30,2023110100,f003,"fill TRAIN year coverage: no acquired NEGATIVE_CONFIRMED event group exists for 2023 yet; Phase 0.4.18 fix (Issue A) -- picked a post-monsoon date (month>=11) instead of the earliest-in-year date, to avoid the Phase 0.4.17 Jan-1-every-year clustering artifact",train,post-monsoon,gfs.0p25.2023110100.f003.grib2,lead_hour_3
13,2023-11-01,1,NEGATIVE_CONFIRMED,IND_13.0_78.0|2023-11-01|1,2023-11-01T11:30:00+05:30,2023110100,f006,"fill TRAIN year coverage: no acquired NEGATIVE_CONFIRMED event group exists for 2023 yet; Phase 0.4.18 fix (Issue A) -- picked a post-monsoon date (month>=11) instead of the earliest-in-year date, to avoid the Phase 0.4.17 Jan-1-every-year clustering artifact",train,post-monsoon,gfs.0p25.2023110100.f006.grib2,lead_hour_6
14,2021-02-20,2,POSITIVE,IND_13.0_78.0|2021-02-20|2,2021-02-20T14:30:00+05:30,2021022006,f003,"winter TS positives are extremely rare in the full label archive (7 of 584 total, across all 11 years, only 5 in TRAIN, and the two non-clustered ones are already picked as per-year fills above) -- of the remaining 2021-02-19/2021-02-20 cluster, this is the member most temporally separated (~24h) from the already-picked 2021-02-19|2 fill; Phase 0.4.18 (Issue B) drops the ~6h-separated 2021-02-19|3 member that Phase 0.4.17 had also included, since no independent (non-clustered) winter TRAIN positive exists elsewhere in the archive to substitute in instead",train,winter,gfs.0p25.2021022006.f003.grib2,lead_hour_3
14,2021-02-20,2,POSITIVE,IND_13.0_78.0|2021-02-20|2,2021-02-20T17:30:00+05:30,2021022006,f006,"winter TS positives are extremely rare in the full label archive (7 of 584 total, across all 11 years, only 5 in TRAIN, and the two non-clustered ones are already picked as per-year fills above) -- of the remaining 2021-02-19/2021-02-20 cluster, this is the member most temporally separated (~24h) from the already-picked 2021-02-19|2 fill; Phase 0.4.18 (Issue B) drops the ~6h-separated 2021-02-19|3 member that Phase 0.4.17 had also included, since no independent (non-clustered) winter TRAIN positive exists elsewhere in the archive to substitute in instead",train,winter,gfs.0p25.2021022006.f006.grib2,lead_hour_6
15,2024-05-12,2,POSITIVE,IND_13.0_78.0|2024-05-12|2,2024-05-12T14:30:00+05:30,2024051206,f003,"HOLDOUT reserve (2024-2025): acquired for future evaluation only, never to be used in training per the Phase 0.4.12 partition contract",holdout,pre-monsoon,gfs.0p25.2024051206.f003.grib2,lead_hour_3
15,2024-05-12,2,POSITIVE,IND_13.0_78.0|2024-05-12|2,2024-05-12T17:30:00+05:30,2024051206,f006,"HOLDOUT reserve (2024-2025): acquired for future evaluation only, never to be used in training per the Phase 0.4.12 partition contract",holdout,pre-monsoon,gfs.0p25.2024051206.f006.grib2,lead_hour_6
16,2024-06-02,2,POSITIVE,IND_13.0_78.0|2024-06-02|2,2024-06-02T14:30:00+05:30,2024060206,f003,"HOLDOUT reserve (2024-2025): acquired for future evaluation only, never to be used in training per the Phase 0.4.12 partition contract",holdout,monsoon,gfs.0p25.2024060206.f003.grib2,lead_hour_3
16,2024-06-02,2,POSITIVE,IND_13.0_78.0|2024-06-02|2,2024-06-02T17:30:00+05:30,2024060206,f006,"HOLDOUT reserve (2024-2025): acquired for future evaluation only, never to be used in training per the Phase 0.4.12 partition contract",holdout,monsoon,gfs.0p25.2024060206.f006.grib2,lead_hour_6
17,2024-06-03,2,POSITIVE,IND_13.0_78.0|2024-06-03|2,2024-06-03T14:30:00+05:30,2024060306,f003,"HOLDOUT reserve (2024-2025): acquired for future evaluation only, never to be used in training per the Phase 0.4.12 partition contract",holdout,monsoon,gfs.0p25.2024060306.f003.grib2,lead_hour_3
17,2024-06-03,2,POSITIVE,IND_13.0_78.0|2024-06-03|2,2024-06-03T17:30:00+05:30,2024060306,f006,"HOLDOUT reserve (2024-2025): acquired for future evaluation only, never to be used in training per the Phase 0.4.12 partition contract",holdout,monsoon,gfs.0p25.2024060306.f006.grib2,lead_hour_6
18,2024-01-01,0,NEGATIVE_CONFIRMED,IND_13.0_78.0|2024-01-01|0,2024-01-01T02:30:00+05:30,2023123118,f003,"HOLDOUT reserve (2024-2025): acquired for future evaluation only, never to be used in training per the Phase 0.4.12 partition contract",holdout,winter,gfs.0p25.2023123118.f003.grib2,lead_hour_3
18,2024-01-01,0,NEGATIVE_CONFIRMED,IND_13.0_78.0|2024-01-01|0,2024-01-01T05:30:00+05:30,2023123118,f006,"HOLDOUT reserve (2024-2025): acquired for future evaluation only, never to be used in training per the Phase 0.4.12 partition contract",holdout,winter,gfs.0p25.2023123118.f006.grib2,lead_hour_6
19,2024-01-01,1,NEGATIVE_CONFIRMED,IND_13.0_78.0|2024-01-01|1,2024-01-01T08:30:00+05:30,2024010100,f003,"HOLDOUT reserve (2024-2025): acquired for future evaluation only, never to be used in training per the Phase 0.4.12 partition contract",holdout,winter,gfs.0p25.2024010100.f003.grib2,lead_hour_3
19,2024-01-01,1,NEGATIVE_CONFIRMED,IND_13.0_78.0|2024-01-01|1,2024-01-01T11:30:00+05:30,2024010100,f006,"HOLDOUT reserve (2024-2025): acquired for future evaluation only, never to be used in training per the Phase 0.4.12 partition contract",holdout,winter,gfs.0p25.2024010100.f006.grib2,lead_hour_6
20,2024-01-01,2,NEGATIVE_CONFIRMED,IND_13.0_78.0|2024-01-01|2,2024-01-01T14:30:00+05:30,2024010106,f003,"HOLDOUT reserve (2024-2025): acquired for future evaluation only, never to be used in training per the Phase 0.4.12 partition contract",holdout,winter,gfs.0p25.2024010106.f003.grib2,lead_hour_3
20,2024-01-01,2,NEGATIVE_CONFIRMED,IND_13.0_78.0|2024-01-01|2,2024-01-01T17:30:00+05:30,2024010106,f006,"HOLDOUT reserve (2024-2025): acquired for future evaluation only, never to be used in training per the Phase 0.4.12 partition contract",holdout,winter,gfs.0p25.2024010106.f006.grib2,lead_hour_6
