source_id,source_type,lat,lon,cell_id,cell_lat,cell_lon,mapping_method,distance_km,status
INDOFLOODS-gauge-1003,gauge,29.980000,78.190000,29.0_78.0,29.0,78.0,point_in_cell(gauge_lat_lon),,MAPPED
INDOFLOODS-gauge-1004,gauge,30.255600,79.221100,30.0_79.0,30.0,79.0,point_in_cell(gauge_lat_lon),,MAPPED
INDOFLOODS-gauge-1005,gauge,30.330800,78.488300,30.0_78.0,30.0,78.0,point_in_cell(gauge_lat_lon),,MAPPED
INDOFLOODS-gauge-1006,gauge,30.566900,79.552500,30.0_79.0,30.0,79.0,point_in_cell(gauge_lat_lon),,MAPPED
INDOFLOODS-gauge-1010,gauge,26.460000,89.860000,26.0_89.0,26.0,89.0,point_in_cell(gauge_lat_lon),,MAPPED
INDOFLOODS-gauge-1012,gauge,26.470000,89.790000,26.0_89.0,26.0,89.0,point_in_cell(gauge_lat_lon),,MAPPED
INDOFLOODS-gauge-1013,gauge,26.325300,89.235600,26.0_89.0,26.0,89.0,point_in_cell(gauge_lat_lon),,MAPPED
INDOFLOODS-gauge-1018,gauge,26.332500,88.863600,26.0_88.0,26.0,88.0,point_in_cell(gauge_lat_lon),,MAPPED
INDOFLOODS-gauge-1020,gauge,22.838100,87.903100,22.0_87.0,22.0,87.0,point_in_cell(gauge_lat_lon),,MAPPED
INDOFLOODS-gauge-1042,gauge,26.325300,89.235600,26.0_89.0,26.0,89.0,point_in_cell(gauge_lat_lon),,MAPPED
INDOFLOODS-gauge-1050,gauge,26.308900,89.675600,26.0_89.0,26.0,89.0,point_in_cell(gauge_lat_lon),,MAPPED
INDOFLOODS-gauge-1056,gauge,23.650000,88.140000,23.0_88.0,23.0,88.0,point_in_cell(gauge_lat_lon),,MAPPED
INDOFLOODS-gauge-1059,gauge,26.562800,88.758300,26.0_88.0,26.0,88.0,point_in_cell(gauge_lat_lon),,MAPPED
INDOFLOODS-gauge-1074,gauge,24.003100,88.137500,24.0_88.0,24.0,88.0,point_in_cell(gauge_lat_lon),,MAPPED
INDOFLOODS-gauge-1076,gauge,24.091100,88.243100,24.0_88.0,24.0,88.0,point_in_cell(gauge_lat_lon),,MAPPED
INDOFLOODS-gauge-1078,gauge,23.224700,88.374200,23.0_88.0,23.0,88.0,point_in_cell(gauge_lat_lon),,MAPPED
INDOFLOODS-gauge-1084,gauge,23.355300,88.606100,23.0_88.0,23.0,88.0,point_in_cell(gauge_lat_lon),,MAPPED
INDOFLOODS-gauge-1085,gauge,22.838100,87.903100,22.0_87.0,22.0,87.0,point_in_cell(gauge_lat_lon),,MAPPED
INDOFLOODS-gauge-1086,gauge,26.729200,89.323600,26.0_89.0,26.0,89.0,point_in_cell(gauge_lat_lon),,MAPPED
INDOFLOODS-gauge-1095,gauge,23.616700,87.700800,23.0_87.0,23.0,87.0,point_in_cell(gauge_lat_lon),,MAPPED
INDOFLOODS-gauge-1100,gauge,23.650000,88.140000,23.0_88.0,23.0,88.0,point_in_cell(gauge_lat_lon),,MAPPED
INDOFLOODS-gauge-113,gauge,25.500600,86.750000,25.0_86.0,25.0,86.0,point_in_cell(gauge_lat_lon),,MAPPED
INDOFLOODS-gauge-114,gauge,26.715300,84.958600,26.0_84.0,26.0,84.0,point_in_cell(gauge_lat_lon),,MAPPED
INDOFLOODS-gauge-115,gauge,26.145300,85.692200,26.0_85.0,26.0,85.0,point_in_cell(gauge_lat_lon),,MAPPED
INDOFLOODS-gauge-116,gauge,26.116700,85.858900,26.0_85.0,26.0,85.0,point_in_cell(gauge_lat_lon),,MAPPED
INDOFLOODS-gauge-117,gauge,26.379200,84.731700,26.0_84.0,26.0,84.0,point_in_cell(gauge_lat_lon),,MAPPED
INDOFLOODS-gauge-118,gauge,26.583300,86.148100,26.0_86.0,26.0,86.0,point_in_cell(gauge_lat_lon),,MAPPED
INDOFLOODS-gauge-119,gauge,26.233300,86.259400,26.0_86.0,26.0,86.0,point_in_cell(gauge_lat_lon),,MAPPED
INDOFLOODS-gauge-120,gauge,25.847800,87.803100,25.0_87.0,25.0,87.0,point_in_cell(gauge_lat_lon),,MAPPED
INDOFLOODS-gauge-121,gauge,26.722800,85.323100,26.0_85.0,26.0,85.0,point_in_cell(gauge_lat_lon),,MAPPED
INDOFLOODS-gauge-123,gauge,27.441700,83.916700,27.0_83.0,27.0,83.0,point_in_cell(gauge_lat_lon),,MAPPED
INDOFLOODS-gauge-124,gauge,26.033300,85.900000,26.0_85.0,26.0,85.0,point_in_cell(gauge_lat_lon),,MAPPED
INDOFLOODS-gauge-125,gauge,26.408900,85.859700,26.0_85.0,26.0,85.0,point_in_cell(gauge_lat_lon),,MAPPED
INDOFLOODS-gauge-130,gauge,19.108100,82.022800,19.0_82.0,19.0,82.0,point_in_cell(gauge_lat_lon),,MAPPED
INDOFLOODS-gauge-162,gauge,20.270300,72.986900,20.0_72.0,20.0,72.0,point_in_cell(gauge_lat_lon),,MAPPED
INDOFLOODS-gauge-164,gauge,28.662500,77.246700,28.0_77.0,28.0,77.0,point_in_cell(gauge_lat_lon),,MAPPED
INDOFLOODS-gauge-175,gauge,23.054200,73.716700,23.0_73.0,23.0,73.0,point_in_cell(gauge_lat_lon),,MAPPED
INDOFLOODS-gauge-180,gauge,21.200000,72.820000,21.0_72.0,21.0,72.0,point_in_cell(gauge_lat_lon),,MAPPED
INDOFLOODS-gauge-19,gauge,16.938300,81.782500,16.0_81.0,16.0,81.0,point_in_cell(gauge_lat_lon),,MAPPED
INDOFLOODS-gauge-196,gauge,21.885000,73.654400,21.0_73.0,21.0,73.0,point_in_cell(gauge_lat_lon),,MAPPED
INDOFLOODS-gauge-208,gauge,20.202800,73.281100,20.0_73.0,20.0,73.0,point_in_cell(gauge_lat_lon),,MAPPED
INDOFLOODS-gauge-243,gauge,23.306400,73.826100,23.0_73.0,23.0,73.0,point_in_cell(gauge_lat_lon),,MAPPED
INDOFLOODS-gauge-29,gauge,15.948300,77.426400,15.0_77.0,15.0,77.0,point_in_cell(gauge_lat_lon),,MAPPED
INDOFLOODS-gauge-294,gauge,20.202800,73.281100,20.0_73.0,20.0,73.0,point_in_cell(gauge_lat_lon),,MAPPED
INDOFLOODS-gauge-300,gauge,29.695600,77.142800,29.0_77.0,29.0,77.0,point_in_cell(gauge_lat_lon),,MAPPED
INDOFLOODS-gauge-303,gauge,30.425300,77.591900,30.0_77.0,30.0,77.0,point_in_cell(gauge_lat_lon),,MAPPED
INDOFLOODS-gauge-308,gauge,22.815600,86.216100,22.0_86.0,22.0,86.0,point_in_cell(gauge_lat_lon),,MAPPED
INDOFLOODS-gauge-31,gauge,17.573100,81.250000,17.0_81.0,17.0,81.0,point_in_cell(gauge_lat_lon),,MAPPED
INDOFLOODS-gauge-318,gauge,13.581100,74.853600,13.0_74.0,13.0,74.0,point_in_cell(gauge_lat_lon),,MAPPED
INDOFLOODS-gauge-319,gauge,12.517200,77.436900,12.0_77.0,12.0,77.0,point_in_cell(gauge_lat_lon),,MAPPED
INDOFLOODS-gauge-32,gauge,15.883300,77.957200,15.0_77.0,15.0,77.0,point_in_cell(gauge_lat_lon),,MAPPED
INDOFLOODS-gauge-324,gauge,13.926900,75.585000,13.0_75.0,13.0,75.0,point_in_cell(gauge_lat_lon),,MAPPED
INDOFLOODS-gauge-329,gauge,17.170300,76.328300,17.0_76.0,17.0,76.0,point_in_cell(gauge_lat_lon),,MAPPED
INDOFLOODS-gauge-338,gauge,16.382200,77.357200,16.0_77.0,16.0,77.0,point_in_cell(gauge_lat_lon),,MAPPED
INDOFLOODS-gauge-345,gauge,17.286400,75.637200,17.0_75.0,17.0,75.0,point_in_cell(gauge_lat_lon),,MAPPED
INDOFLOODS-gauge-346,gauge,13.521400,74.880000,13.0_74.0,13.0,74.0,point_in_cell(gauge_lat_lon),,MAPPED
INDOFLOODS-gauge-349,gauge,14.434400,74.586100,14.0_74.0,14.0,74.0,point_in_cell(gauge_lat_lon),,MAPPED
INDOFLOODS-gauge-355,gauge,12.952800,75.785600,12.0_75.0,12.0,75.0,point_in_cell(gauge_lat_lon),,MAPPED
INDOFLOODS-gauge-361,gauge,12.416700,77.192500,12.0_77.0,12.0,77.0,point_in_cell(gauge_lat_lon),,MAPPED
INDOFLOODS-gauge-363,gauge,17.203100,77.157200,17.0_77.0,17.0,77.0,point_in_cell(gauge_lat_lon),,MAPPED
INDOFLOODS-gauge-364,gauge,12.884400,75.043100,12.0_75.0,12.0,75.0,point_in_cell(gauge_lat_lon),,MAPPED
INDOFLOODS-gauge-367,gauge,13.700000,75.640000,13.0_75.0,13.0,75.0,point_in_cell(gauge_lat_lon),,MAPPED
INDOFLOODS-gauge-369,gauge,14.830600,75.674400,14.0_75.0,14.0,75.0,point_in_cell(gauge_lat_lon),,MAPPED
INDOFLOODS-gauge-370,gauge,14.030000,75.290000,14.0_75.0,14.0,75.0,point_in_cell(gauge_lat_lon),,MAPPED
INDOFLOODS-gauge-372,gauge,12.930300,74.953100,12.0_74.0,12.0,74.0,point_in_cell(gauge_lat_lon),,MAPPED
INDOFLOODS-gauge-376,gauge,16.491100,76.923100,16.0_76.0,16.0,76.0,point_in_cell(gauge_lat_lon),,MAPPED
INDOFLOODS-gauge-388,gauge,16.183300,76.183300,16.0_76.0,16.0,76.0,point_in_cell(gauge_lat_lon),,MAPPED
INDOFLOODS-gauge-391,gauge,16.737500,77.125300,16.0_77.0,16.0,77.0,point_in_cell(gauge_lat_lon),,MAPPED
INDOFLOODS-gauge-394,gauge,12.180000,77.730000,12.0_77.0,12.0,77.0,point_in_cell(gauge_lat_lon),,MAPPED
INDOFLOODS-gauge-395,gauge,16.563900,74.527500,16.0_74.0,16.0,74.0,point_in_cell(gauge_lat_lon),,MAPPED
INDOFLOODS-gauge-396,gauge,13.294200,74.980800,13.0_74.0,13.0,74.0,point_in_cell(gauge_lat_lon),,MAPPED
INDOFLOODS-gauge-397,gauge,16.190000,74.791400,16.0_74.0,16.0,74.0,point_in_cell(gauge_lat_lon),,MAPPED
INDOFLOODS-gauge-399,gauge,11.320000,76.200000,11.0_76.0,11.0,76.0,point_in_cell(gauge_lat_lon),,MAPPED
INDOFLOODS-gauge-403,gauge,11.625000,75.784400,11.0_75.0,11.0,75.0,point_in_cell(gauge_lat_lon),,MAPPED
INDOFLOODS-gauge-404,gauge,11.260000,76.240000,11.0_76.0,11.0,76.0,point_in_cell(gauge_lat_lon),,MAPPED
INDOFLOODS-gauge-406,gauge,11.130000,76.680000,11.0_76.0,11.0,76.0,point_in_cell(gauge_lat_lon),,MAPPED
INDOFLOODS-gauge-407,gauge,12.479200,75.147200,12.0_75.0,12.0,75.0,point_in_cell(gauge_lat_lon),,MAPPED
INDOFLOODS-gauge-411,gauge,9.845000,76.466700,9.0_76.0,9.0,76.0,point_in_cell(gauge_lat_lon),,MAPPED
INDOFLOODS-gauge-412,gauge,9.990600,76.632200,9.0_76.0,9.0,76.0,point_in_cell(gauge_lat_lon),,MAPPED
INDOFLOODS-gauge-414,gauge,11.056900,76.039400,11.0_76.0,11.0,76.0,point_in_cell(gauge_lat_lon),,MAPPED
INDOFLOODS-gauge-415,gauge,11.239400,76.023300,11.0_76.0,11.0,76.0,point_in_cell(gauge_lat_lon),,MAPPED
INDOFLOODS-gauge-417,gauge,10.850000,76.020000,10.0_76.0,10.0,76.0,point_in_cell(gauge_lat_lon),,MAPPED
INDOFLOODS-gauge-420,gauge,10.183300,76.500000,10.0_76.0,10.0,76.0,point_in_cell(gauge_lat_lon),,MAPPED
INDOFLOODS-gauge-421,gauge,10.430000,76.240000,10.0_76.0,10.0,76.0,point_in_cell(gauge_lat_lon),,MAPPED
INDOFLOODS-gauge-422,gauge,9.030000,76.920000,9.0_76.0,9.0,76.0,point_in_cell(gauge_lat_lon),,MAPPED
INDOFLOODS-gauge-423,gauge,8.715000,76.850000,8.0_76.0,8.0,76.0,point_in_cell(gauge_lat_lon),,MAPPED
INDOFLOODS-gauge-426,gauge,9.530000,76.910000,9.0_76.0,9.0,76.0,point_in_cell(gauge_lat_lon),,MAPPED
INDOFLOODS-gauge-427,gauge,9.403600,76.650300,9.0_76.0,9.0,76.0,point_in_cell(gauge_lat_lon),,MAPPED
INDOFLOODS-gauge-428,gauge,9.675600,76.605600,9.0_76.0,9.0,76.0,point_in_cell(gauge_lat_lon),,MAPPED
INDOFLOODS-gauge-429,gauge,9.220000,76.710000,9.0_76.0,9.0,76.0,point_in_cell(gauge_lat_lon),,MAPPED
INDOFLOODS-gauge-430,gauge,10.281400,76.315300,10.0_76.0,10.0,76.0,point_in_cell(gauge_lat_lon),,MAPPED
INDOFLOODS-gauge-431,gauge,10.899200,76.197200,10.0_76.0,10.0,76.0,point_in_cell(gauge_lat_lon),,MAPPED
INDOFLOODS-gauge-434,gauge,9.360000,76.840000,9.0_76.0,9.0,76.0,point_in_cell(gauge_lat_lon),,MAPPED
INDOFLOODS-gauge-438,gauge,9.332500,76.663100,9.0_76.0,9.0,76.0,point_in_cell(gauge_lat_lon),,MAPPED
INDOFLOODS-gauge-440,gauge,9.072800,76.761100,9.0_76.0,9.0,76.0,point_in_cell(gauge_lat_lon),,MAPPED
INDOFLOODS-gauge-441,gauge,11.981400,75.587500,11.0_75.0,11.0,75.0,point_in_cell(gauge_lat_lon),,MAPPED
INDOFLOODS-gauge-445,gauge,10.040000,76.620000,10.0_76.0,10.0,76.0,point_in_cell(gauge_lat_lon),,MAPPED
INDOFLOODS-gauge-446,gauge,10.780000,76.575000,10.0_76.0,10.0,76.0,point_in_cell(gauge_lat_lon),,MAPPED
INDOFLOODS-gauge-472,gauge,22.756100,77.732800,22.0_77.0,22.0,77.0,point_in_cell(gauge_lat_lon),,MAPPED
INDOFLOODS-gauge-481,gauge,25.683300,76.483300,25.0_76.0,25.0,76.0,point_in_cell(gauge_lat_lon),,MAPPED
INDOFLOODS-gauge-482,gauge,25.863300,76.576700,25.0_76.0,25.0,76.0,point_in_cell(gauge_lat_lon),,MAPPED
INDOFLOODS-gauge-485,gauge,22.280000,76.470000,22.0_76.0,22.0,76.0,point_in_cell(gauge_lat_lon),,MAPPED
INDOFLOODS-gauge-503,gauge,26.665600,77.966700,26.0_77.0,26.0,77.0,point_in_cell(gauge_lat_lon),,MAPPED
INDOFLOODS-gauge-506,gauge,24.641100,79.283300,24.0_79.0,24.0,79.0,point_in_cell(gauge_lat_lon),,MAPPED
INDOFLOODS-gauge-509,gauge,24.830000,78.080000,24.0_78.0,24.0,78.0,point_in_cell(gauge_lat_lon),,MAPPED
INDOFLOODS-gauge-511,gauge,23.133300,75.514700,23.0_75.0,23.0,75.0,point_in_cell(gauge_lat_lon),,MAPPED
INDOFLOODS-gauge-512,gauge,23.480600,75.636400,23.0_75.0,23.0,75.0,point_in_cell(gauge_lat_lon),,MAPPED
INDOFLOODS-gauge-526,gauge,23.030800,79.015600,23.0_79.0,23.0,79.0,point_in_cell(gauge_lat_lon),,MAPPED
INDOFLOODS-gauge-532,gauge,23.168300,75.771100,23.0_75.0,23.0,75.0,point_in_cell(gauge_lat_lon),,MAPPED
INDOFLOODS-gauge-544,gauge,22.599200,80.363900,22.0_80.0,22.0,80.0,point_in_cell(gauge_lat_lon),,MAPPED
INDOFLOODS-gauge-551,gauge,23.723300,75.346900,23.0_75.0,23.0,75.0,point_in_cell(gauge_lat_lon),,MAPPED
INDOFLOODS-gauge-560,gauge,21.299400,76.235000,21.0_76.0,21.0,76.0,point_in_cell(gauge_lat_lon),,MAPPED
INDOFLOODS-gauge-562,gauge,20.874200,76.989700,20.0_76.0,20.0,76.0,point_in_cell(gauge_lat_lon),,MAPPED
INDOFLOODS-gauge-571,gauge,20.794700,79.647800,20.0_79.0,20.0,79.0,point_in_cell(gauge_lat_lon),,MAPPED
INDOFLOODS-gauge-585,gauge,20.100600,73.270600,20.0_73.0,20.0,73.0,point_in_cell(gauge_lat_lon),,MAPPED
INDOFLOODS-gauge-589,gauge,16.780800,74.633300,16.0_74.0,16.0,74.0,point_in_cell(gauge_lat_lon),,MAPPED
INDOFLOODS-gauge-596,gauge,17.069200,73.450000,17.0_73.0,17.0,73.0,point_in_cell(gauge_lat_lon),,MAPPED
INDOFLOODS-gauge-602,gauge,18.092200,73.460300,18.0_73.0,18.0,73.0,point_in_cell(gauge_lat_lon),,MAPPED
INDOFLOODS-gauge-603,gauge,17.534200,75.885000,17.0_75.0,17.0,75.0,point_in_cell(gauge_lat_lon),,MAPPED
INDOFLOODS-gauge-609,gauge,19.810000,79.380000,19.0_79.0,19.0,79.0,point_in_cell(gauge_lat_lon),,MAPPED
INDOFLOODS-gauge-612,gauge,17.413100,75.847800,17.0_75.0,17.0,75.0,point_in_cell(gauge_lat_lon),,MAPPED
INDOFLOODS-gauge-617,gauge,21.071900,75.946100,21.0_75.0,21.0,75.0,point_in_cell(gauge_lat_lon),,MAPPED
INDOFLOODS-gauge-626,gauge,18.070000,75.120000,18.0_75.0,18.0,75.0,point_in_cell(gauge_lat_lon),,MAPPED
INDOFLOODS-gauge-635,gauge,19.878300,74.481900,19.0_74.0,19.0,74.0,point_in_cell(gauge_lat_lon),,MAPPED
INDOFLOODS-gauge-636,gauge,20.874200,76.989700,20.0_76.0,20.0,76.0,point_in_cell(gauge_lat_lon),,MAPPED
INDOFLOODS-gauge-640,gauge,18.473900,74.576400,18.0_74.0,18.0,74.0,point_in_cell(gauge_lat_lon),,MAPPED
INDOFLOODS-gauge-642,gauge,17.972200,75.139200,17.0_75.0,17.0,75.0,point_in_cell(gauge_lat_lon),,MAPPED
INDOFLOODS-gauge-643,gauge,16.675300,74.573600,16.0_74.0,16.0,74.0,point_in_cell(gauge_lat_lon),,MAPPED
INDOFLOODS-gauge-645,gauge,20.001900,73.803300,20.0_73.0,20.0,73.0,point_in_cell(gauge_lat_lon),,MAPPED
INDOFLOODS-gauge-646,gauge,18.519200,73.156400,18.0_73.0,18.0,73.0,point_in_cell(gauge_lat_lon),,MAPPED
INDOFLOODS-gauge-648,gauge,18.736700,73.110800,18.0_73.0,18.0,73.0,point_in_cell(gauge_lat_lon),,MAPPED
INDOFLOODS-gauge-650,gauge,20.935800,76.475600,20.0_76.0,20.0,76.0,point_in_cell(gauge_lat_lon),,MAPPED
INDOFLOODS-gauge-654,gauge,17.272200,74.165000,17.0_74.0,17.0,74.0,point_in_cell(gauge_lat_lon),,MAPPED
INDOFLOODS-gauge-656,gauge,16.950000,74.530000,16.0_74.0,16.0,74.0,point_in_cell(gauge_lat_lon),,MAPPED
INDOFLOODS-gauge-665,gauge,20.990000,76.730000,20.0_76.0,20.0,76.0,point_in_cell(gauge_lat_lon),,MAPPED
INDOFLOODS-gauge-668,gauge,19.162200,73.254400,19.0_73.0,19.0,73.0,point_in_cell(gauge_lat_lon),,MAPPED
INDOFLOODS-gauge-678,gauge,16.683600,74.603100,16.0_74.0,16.0,74.0,point_in_cell(gauge_lat_lon),,MAPPED
INDOFLOODS-gauge-679,gauge,19.043900,77.455600,19.0_77.0,19.0,77.0,point_in_cell(gauge_lat_lon),,MAPPED
INDOFLOODS-gauge-681,gauge,16.855000,74.496700,16.0_74.0,16.0,74.0,point_in_cell(gauge_lat_lon),,MAPPED
INDOFLOODS-gauge-682,gauge,17.911400,75.007500,17.0_75.0,17.0,75.0,point_in_cell(gauge_lat_lon),,MAPPED
INDOFLOODS-gauge-684,gauge,17.294400,74.190300,17.0_74.0,17.0,74.0,point_in_cell(gauge_lat_lon),,MAPPED
INDOFLOODS-gauge-694,gauge,20.915600,86.274700,20.0_86.0,20.0,86.0,point_in_cell(gauge_lat_lon),,MAPPED
INDOFLOODS-gauge-705,gauge,21.290000,85.030000,21.0_85.0,21.0,85.0,point_in_cell(gauge_lat_lon),,MAPPED
INDOFLOODS-gauge-707,gauge,21.550000,86.920000,21.0_86.0,21.0,86.0,point_in_cell(gauge_lat_lon),,MAPPED
INDOFLOODS-gauge-715,gauge,19.516700,84.883300,19.0_84.0,19.0,84.0,point_in_cell(gauge_lat_lon),,MAPPED
INDOFLOODS-gauge-724,gauge,19.083300,83.805600,19.0_83.0,19.0,83.0,point_in_cell(gauge_lat_lon),,MAPPED
INDOFLOODS-gauge-727,gauge,22.219700,86.716700,22.0_86.0,22.0,86.0,point_in_cell(gauge_lat_lon),,MAPPED
INDOFLOODS-gauge-731,gauge,21.767800,87.164200,21.0_87.0,21.0,87.0,point_in_cell(gauge_lat_lon),,MAPPED
INDOFLOODS-gauge-734,gauge,20.475000,85.775000,20.0_85.0,20.0,85.0,point_in_cell(gauge_lat_lon),,MAPPED
INDOFLOODS-gauge-739,gauge,21.211100,86.120600,21.0_86.0,21.0,86.0,point_in_cell(gauge_lat_lon),,MAPPED
INDOFLOODS-gauge-759,gauge,20.889700,86.014200,20.0_86.0,20.0,86.0,point_in_cell(gauge_lat_lon),,MAPPED
INDOFLOODS-gauge-768,gauge,18.848300,83.873100,18.0_83.0,18.0,83.0,point_in_cell(gauge_lat_lon),,MAPPED
INDOFLOODS-gauge-775,gauge,24.866700,74.635600,24.0_74.0,24.0,74.0,point_in_cell(gauge_lat_lon),,MAPPED
INDOFLOODS-gauge-781,gauge,26.000000,76.666700,26.0_76.0,26.0,76.0,point_in_cell(gauge_lat_lon),,MAPPED
INDOFLOODS-gauge-786,gauge,23.627500,74.545300,23.0_74.0,23.0,74.0,point_in_cell(gauge_lat_lon),,MAPPED
INDOFLOODS-gauge-787,gauge,25.250600,75.035000,25.0_75.0,25.0,75.0,point_in_cell(gauge_lat_lon),,MAPPED
INDOFLOODS-gauge-789,gauge,26.272500,77.275300,26.0_77.0,26.0,77.0,point_in_cell(gauge_lat_lon),,MAPPED
INDOFLOODS-gauge-790,gauge,25.385300,76.151900,25.0_76.0,25.0,76.0,point_in_cell(gauge_lat_lon),,MAPPED
INDOFLOODS-gauge-814,gauge,24.493900,72.791700,24.0_72.0,24.0,72.0,point_in_cell(gauge_lat_lon),,MAPPED
INDOFLOODS-gauge-815,gauge,25.383300,76.333900,25.0_76.0,25.0,76.0,point_in_cell(gauge_lat_lon),,MAPPED
INDOFLOODS-gauge-817,gauge,24.429700,76.603900,24.0_76.0,24.0,76.0,point_in_cell(gauge_lat_lon),,MAPPED
INDOFLOODS-gauge-830,gauge,11.081100,77.890300,11.0_77.0,11.0,77.0,point_in_cell(gauge_lat_lon),,MAPPED
INDOFLOODS-gauge-832,gauge,10.950000,76.790000,10.0_76.0,10.0,76.0,point_in_cell(gauge_lat_lon),,MAPPED
INDOFLOODS-gauge-833,gauge,11.490000,76.830000,11.0_76.0,11.0,76.0,point_in_cell(gauge_lat_lon),,MAPPED
INDOFLOODS-gauge-836,gauge,8.714400,77.835000,8.0_77.0,8.0,77.0,point_in_cell(gauge_lat_lon),,MAPPED
INDOFLOODS-gauge-844,gauge,10.880800,77.984700,10.0_77.0,10.0,77.0,point_in_cell(gauge_lat_lon),,MAPPED
INDOFLOODS-gauge-846,gauge,11.287800,76.891100,11.0_76.0,11.0,76.0,point_in_cell(gauge_lat_lon),,MAPPED
INDOFLOODS-gauge-85,gauge,18.313300,83.884200,18.0_83.0,18.0,83.0,point_in_cell(gauge_lat_lon),,MAPPED
INDOFLOODS-gauge-852,gauge,8.305300,77.185600,8.0_77.0,8.0,77.0,point_in_cell(gauge_lat_lon),,MAPPED
INDOFLOODS-gauge-858,gauge,10.001100,77.485000,10.0_77.0,10.0,77.0,point_in_cell(gauge_lat_lon),,MAPPED
INDOFLOODS-gauge-861,gauge,9.553100,78.586100,9.0_78.0,9.0,78.0,point_in_cell(gauge_lat_lon),,MAPPED
INDOFLOODS-gauge-872,gauge,10.943300,78.435000,10.0_78.0,10.0,78.0,point_in_cell(gauge_lat_lon),,MAPPED
INDOFLOODS-gauge-877,gauge,11.800000,77.800000,11.0_77.0,11.0,77.0,point_in_cell(gauge_lat_lon),,MAPPED
INDOFLOODS-gauge-879,gauge,12.684200,78.539400,12.0_78.0,12.0,78.0,point_in_cell(gauge_lat_lon),,MAPPED
INDOFLOODS-gauge-884,gauge,11.477800,77.700000,11.0_77.0,11.0,77.0,point_in_cell(gauge_lat_lon),,MAPPED
INDOFLOODS-gauge-885,gauge,9.323900,77.990300,9.0_77.0,9.0,77.0,point_in_cell(gauge_lat_lon),,MAPPED
INDOFLOODS-gauge-889,gauge,11.031700,77.887500,11.0_77.0,11.0,77.0,point_in_cell(gauge_lat_lon),,MAPPED
INDOFLOODS-gauge-890,gauge,8.160000,77.457500,8.0_77.0,8.0,77.0,point_in_cell(gauge_lat_lon),,MAPPED
INDOFLOODS-gauge-896,gauge,11.572800,76.919200,11.0_76.0,11.0,76.0,point_in_cell(gauge_lat_lon),,MAPPED
INDOFLOODS-gauge-898,gauge,12.555000,78.138600,12.0_78.0,12.0,78.0,point_in_cell(gauge_lat_lon),,MAPPED
INDOFLOODS-gauge-913,gauge,16.086900,78.896700,16.0_78.0,16.0,78.0,point_in_cell(gauge_lat_lon),,MAPPED
INDOFLOODS-gauge-916,gauge,17.750000,77.928300,17.0_77.0,17.0,77.0,point_in_cell(gauge_lat_lon),,MAPPED
INDOFLOODS-gauge-917,gauge,16.259200,77.841100,16.0_77.0,16.0,77.0,point_in_cell(gauge_lat_lon),,MAPPED
INDOFLOODS-gauge-922,gauge,17.837200,80.886100,17.0_80.0,17.0,80.0,point_in_cell(gauge_lat_lon),,MAPPED
INDOFLOODS-gauge-925,gauge,17.668100,80.877200,17.0_80.0,17.0,80.0,point_in_cell(gauge_lat_lon),,MAPPED
INDOFLOODS-gauge-926,gauge,17.254400,77.462800,17.0_77.0,17.0,77.0,point_in_cell(gauge_lat_lon),,MAPPED
INDOFLOODS-gauge-939,gauge,18.216700,77.940600,18.0_77.0,18.0,77.0,point_in_cell(gauge_lat_lon),,MAPPED
INDOFLOODS-gauge-943,gauge,18.620300,79.804200,18.0_79.0,18.0,79.0,point_in_cell(gauge_lat_lon),,MAPPED
INDOFLOODS-gauge-944,gauge,24.078900,91.591900,24.0_91.0,24.0,91.0,point_in_cell(gauge_lat_lon),,MAPPED
INDOFLOODS-gauge-946,gauge,27.010000,79.980000,27.0_79.0,27.0,79.0,point_in_cell(gauge_lat_lon),,MAPPED
INDOFLOODS-gauge-948,gauge,26.934700,80.036100,26.0_80.0,26.0,80.0,point_in_cell(gauge_lat_lon),,MAPPED
INDOFLOODS-gauge-950,gauge,28.299200,79.366700,28.0_79.0,28.0,79.0,point_in_cell(gauge_lat_lon),,MAPPED
INDOFLOODS-gauge-952,gauge,26.651700,80.794200,26.0_80.0,26.0,80.0,point_in_cell(gauge_lat_lon),,MAPPED
INDOFLOODS-gauge-953,gauge,27.931900,78.860600,27.0_78.0,27.0,78.0,point_in_cell(gauge_lat_lon),,MAPPED
INDOFLOODS-gauge-955,gauge,28.826700,78.798100,28.0_78.0,28.0,78.0,point_in_cell(gauge_lat_lon),,MAPPED
INDOFLOODS-gauge-956,gauge,26.861100,80.946400,26.0_80.0,26.0,80.0,point_in_cell(gauge_lat_lon),,MAPPED
INDOFLOODS-gauge-957,gauge,26.469400,80.376400,26.0_80.0,26.0,80.0,point_in_cell(gauge_lat_lon),,MAPPED
INDOFLOODS-gauge-958,gauge,27.495800,79.697200,27.0_79.0,27.0,79.0,point_in_cell(gauge_lat_lon),,MAPPED
INDOFLOODS-gauge-959,gauge,26.058300,81.020800,26.0_81.0,26.0,81.0,point_in_cell(gauge_lat_lon),,MAPPED
INDOFLOODS-gauge-960,gauge,27.404200,79.625000,27.0_79.0,27.0,79.0,point_in_cell(gauge_lat_lon),,MAPPED
INDOFLOODS-gauge-961,gauge,27.191100,80.800000,27.0_80.0,27.0,80.0,point_in_cell(gauge_lat_lon),,MAPPED
INDOFLOODS-gauge-962,gauge,28.191100,78.400000,28.0_78.0,28.0,78.0,point_in_cell(gauge_lat_lon),,MAPPED
INDOFLOODS-gauge-964,gauge,28.766700,78.141700,28.0_78.0,28.0,78.0,point_in_cell(gauge_lat_lon),,MAPPED
INDOFLOODS-gauge-966,gauge,25.483300,80.313300,25.0_80.0,25.0,80.0,point_in_cell(gauge_lat_lon),,MAPPED
INDOFLOODS-gauge-967,gauge,25.807100,79.408500,25.0_79.0,25.0,79.0,point_in_cell(gauge_lat_lon),,MAPPED
INDOFLOODS-gauge-968,gauge,26.427200,79.418100,26.0_79.0,26.0,79.0,point_in_cell(gauge_lat_lon),,MAPPED
INDOFLOODS-gauge-97,gauge,18.200000,82.650000,18.0_82.0,18.0,82.0,point_in_cell(gauge_lat_lon),,MAPPED
INDOFLOODS-gauge-970,gauge,25.979600,80.128900,25.0_80.0,25.0,80.0,point_in_cell(gauge_lat_lon),,MAPPED
INDOFLOODS-gauge-976,gauge,29.384700,77.155600,29.0_77.0,29.0,77.0,point_in_cell(gauge_lat_lon),,MAPPED
INDOFLOODS-gauge-977,gauge,26.750000,78.983300,26.0_78.0,26.0,78.0,point_in_cell(gauge_lat_lon),,MAPPED
INDOFLOODS-gauge-979,gauge,26.200000,79.700000,26.0_79.0,26.0,79.0,point_in_cell(gauge_lat_lon),,MAPPED
INDOFLOODS-gauge-981,gauge,25.950000,80.147800,25.0_80.0,25.0,80.0,point_in_cell(gauge_lat_lon),,MAPPED
INDOFLOODS-gauge-997,gauge,30.100800,78.303900,30.0_78.0,30.0,78.0,point_in_cell(gauge_lat_lon),,MAPPED
INDOFLOODS-gauge-998,gauge,30.225800,78.775600,30.0_78.0,30.0,78.0,point_in_cell(gauge_lat_lon),,MAPPED
